CODE,DESCRIPTION,MUNICITY,MUNICITY_1_2_3_4
012801000,Adams,012801000Adams,012801000Adams
012802000,Bacarra,012802000Bacarra,012802000Bacarra
012803000,Badoc,012803000Badoc,012803000Badoc
012804000,Bangui,012804000Bangui,012804000Bangui
012805000,City of Batac,012805000City of Batac,012805000City of Batac
012806000,Burgos,012806000Burgos,012806000Burgos
012807000,Carasi,012807000Carasi,012807000Carasi
012808000,Currimao,012808000Currimao,012808000Currimao
012809000,Dingras,012809000Dingras,012809000Dingras
012810000,Dumalneg,012810000Dumalneg,012810000Dumalneg
012811000,Banna,012811000Banna,012811000Banna
012812000,City of Laoag (Capital),012812000City of Laoag (Capital),012812000City of Laoag (Capital)
012813000,Marcos,012813000Marcos,012813000Marcos
012814000,Nueva Era,012814000Nueva Era,012814000Nueva Era
012815000,Pagudpud,012815000Pagudpud,012815000Pagudpud
012816000,Paoay,012816000Paoay,012816000Paoay
012817000,Pasuquin,012817000Pasuquin,012817000Pasuquin
012818000,Piddig,012818000Piddig,012818000Piddig
012819000,Pinili,012819000Pinili,012819000Pinili
012820000,San Nicolas,012820000San Nicolas,012820000San Nicolas
012821000,Sarrat,012821000Sarrat,012821000Sarrat
012822000,Solsona,012822000Solsona,012822000Solsona
012823000,Vintar,012823000Vintar,012823000Vintar
012901000,Alilem,012901000Alilem,012901000Alilem
012902000,Banayoyo,012902000Banayoyo,012902000Banayoyo
012903000,Bantay,012903000Bantay,012903000Bantay
012904000,Burgos,012904000Burgos,012904000Burgos
012905000,Cabugao,012905000Cabugao,012905000Cabugao
012906000,City of Candon,012906000City of Candon,012906000City of Candon
012907000,Caoayan,012907000Caoayan,012907000Caoayan
012908000,Cervantes,012908000Cervantes,012908000Cervantes
012909000,Galimuyod,012909000Galimuyod,012909000Galimuyod
012910000,Gregorio del Pilar,012910000Gregorio del Pilar,012910000Gregorio del Pilar
012911000,Lidlidda,012911000Lidlidda,012911000Lidlidda
012912000,Magsingal,012912000Magsingal,012912000Magsingal
012913000,Nagbukel,012913000Nagbukel,012913000Nagbukel
012914000,Narvacan,012914000Narvacan,012914000Narvacan
012915000,Quirino,012915000Quirino,012915000Quirino
012916000,Salcedo,012916000Salcedo,012916000Salcedo
012917000,San Emilio,012917000San Emilio,012917000San Emilio
012918000,San Esteban,012918000San Esteban,012918000San Esteban
012919000,San Ildefonso,012919000San Ildefonso,012919000San Ildefonso
012920000,San Juan,012920000San Juan,012920000San Juan
012921000,San Vicente,012921000San Vicente,012921000San Vicente
012922000,Santa,012922000Santa,012922000Santa
012923000,Santa Catalina,012923000Santa Catalina,012923000Santa Catalina
012924000,Santa Cruz,012924000Santa Cruz,012924000Santa Cruz
012925000,Santa Lucia,012925000Santa Lucia,012925000Santa Lucia
012926000,Santa Maria,012926000Santa Maria,012926000Santa Maria
012927000,Santiago,012927000Santiago,012927000Santiago
012928000,Santo Domingo,012928000Santo Domingo,012928000Santo Domingo
012929000,Sigay,012929000Sigay,012929000Sigay
012930000,Sinait,012930000Sinait,012930000Sinait
012931000,Sugpon,012931000Sugpon,012931000Sugpon
012932000,Suyo,012932000Suyo,012932000Suyo
012933000,Tagudin,012933000Tagudin,012933000Tagudin
012934000,City of Vigan (Capital),012934000City of Vigan (Capital),012934000City of Vigan (Capital)
013301000,Agoo,013301000Agoo,013301000Agoo
013302000,Aringay,013302000Aringay,013302000Aringay
013303000,Bacnotan,013303000Bacnotan,013303000Bacnotan
013304000,Bagulin,013304000Bagulin,013304000Bagulin
013305000,Balaoan,013305000Balaoan,013305000Balaoan
013306000,Bangar,013306000Bangar,013306000Bangar
013307000,Bauang,013307000Bauang,013307000Bauang
013308000,Burgos,013308000Burgos,013308000Burgos
013309000,Caba,013309000Caba,013309000Caba
013310000,Luna,013310000Luna,013310000Luna
013311000,Naguilian,013311000Naguilian,013311000Naguilian
013312000,Pugo,013312000Pugo,013312000Pugo
013313000,Rosario,013313000Rosario,013313000Rosario
013314000,City of San Fernando (Capital),013314000City of San Fernando (Capital),013314000City of San Fernando (Capital)
013315000,San Gabriel,013315000San Gabriel,013315000San Gabriel
013316000,San Juan,013316000San Juan,013316000San Juan
013317000,Santo Tomas,013317000Santo Tomas,013317000Santo Tomas
013318000,Santol,013318000Santol,013318000Santol
013319000,Sudipen,013319000Sudipen,013319000Sudipen
013320000,Tubao,013320000Tubao,013320000Tubao
015501000,Agno,015501000Agno,015501000Agno
015502000,Aguilar,015502000Aguilar,015502000Aguilar
015503000,City of Alaminos,015503000City of Alaminos,015503000City of Alaminos
015504000,Alcala,015504000Alcala,015504000Alcala
015505000,Anda,015505000Anda,015505000Anda
015506000,Asingan,015506000Asingan,015506000Asingan
015507000,Balungao,015507000Balungao,015507000Balungao
015508000,Bani,015508000Bani,015508000Bani
015509000,Basista,015509000Basista,015509000Basista
015510000,Bautista,015510000Bautista,015510000Bautista
015511000,Bayambang,015511000Bayambang,015511000Bayambang
015512000,Binalonan,015512000Binalonan,015512000Binalonan
015513000,Binmaley,015513000Binmaley,015513000Binmaley
015514000,Bolinao,015514000Bolinao,015514000Bolinao
015515000,Bugallon,015515000Bugallon,015515000Bugallon
015516000,Burgos,015516000Burgos,015516000Burgos
015517000,Calasiao,015517000Calasiao,015517000Calasiao
015518000,City of Dagupan,015518000City of Dagupan,015518000City of Dagupan
015519000,Dasol,015519000Dasol,015519000Dasol
015520000,Infanta,015520000Infanta,015520000Infanta
015521000,Labrador,015521000Labrador,015521000Labrador
015522000,Lingayen (Capital),015522000Lingayen (Capital),015522000Lingayen (Capital)
015523000,Mabini,015523000Mabini,015523000Mabini
015524000,Malasiqui,015524000Malasiqui,015524000Malasiqui
015525000,Manaoag,015525000Manaoag,015525000Manaoag
015526000,Mangaldan,015526000Mangaldan,015526000Mangaldan
015527000,Mangatarem,015527000Mangatarem,015527000Mangatarem
015528000,Mapandan,015528000Mapandan,015528000Mapandan
015529000,Natividad,015529000Natividad,015529000Natividad
015530000,Pozorrubio,015530000Pozorrubio,015530000Pozorrubio
015531000,Rosales,015531000Rosales,015531000Rosales
015532000,City of San Carlos,015532000City of San Carlos,015532000City of San Carlos
015533000,San Fabian,015533000San Fabian,015533000San Fabian
015534000,San Jacinto,015534000San Jacinto,015534000San Jacinto
015535000,San Manuel,015535000San Manuel,015535000San Manuel
015536000,San Nicolas,015536000San Nicolas,015536000San Nicolas
015537000,San Quintin,015537000San Quintin,015537000San Quintin
015538000,Santa Barbara,015538000Santa Barbara,015538000Santa Barbara
015539000,Santa Maria,015539000Santa Maria,015539000Santa Maria
015540000,Santo Tomas,015540000Santo Tomas,015540000Santo Tomas
015541000,Sison,015541000Sison,015541000Sison
015542000,Sual,015542000Sual,015542000Sual
015543000,Tayug,015543000Tayug,015543000Tayug
015544000,Umingan,015544000Umingan,015544000Umingan
015545000,Urbiztondo,015545000Urbiztondo,015545000Urbiztondo
015546000,City of Urdaneta,015546000City of Urdaneta,015546000City of Urdaneta
015547000,Villasis,015547000Villasis,015547000Villasis
015548000,Laoac,015548000Laoac,015548000Laoac
020901000,Basco (Capital),020901000Basco (Capital),020901000Basco (Capital)
020902000,Itbayat,020902000Itbayat,020902000Itbayat
020903000,Ivana,020903000Ivana,020903000Ivana
020904000,Mahatao,020904000Mahatao,020904000Mahatao
020905000,Sabtang,020905000Sabtang,020905000Sabtang
020906000,Uyugan,020906000Uyugan,020906000Uyugan
021501000,Abulug,021501000Abulug,021501000Abulug
021502000,Alcala,021502000Alcala,021502000Alcala
021503000,Allacapan,021503000Allacapan,021503000Allacapan
021504000,Amulung,021504000Amulung,021504000Amulung
021505000,Aparri,021505000Aparri,021505000Aparri
021506000,Baggao,021506000Baggao,021506000Baggao
021507000,Ballesteros,021507000Ballesteros,021507000Ballesteros
021508000,Buguey,021508000Buguey,021508000Buguey
021509000,Calayan,021509000Calayan,021509000Calayan
021510000,Camalaniugan,021510000Camalaniugan,021510000Camalaniugan
021511000,Claveria,021511000Claveria,021511000Claveria
021512000,Enrile,021512000Enrile,021512000Enrile
021513000,Gattaran,021513000Gattaran,021513000Gattaran
021514000,Gonzaga,021514000Gonzaga,021514000Gonzaga
021515000,Iguig,021515000Iguig,021515000Iguig
021516000,Lal-Lo,021516000Lal-Lo,021516000Lal-Lo
021517000,Lasam,021517000Lasam,021517000Lasam
021518000,Pamplona,021518000Pamplona,021518000Pamplona
021519000,Peñablanca,021519000Peñablanca,021519000Peñablanca
021520000,Piat,021520000Piat,021520000Piat
021521000,Rizal,021521000Rizal,021521000Rizal
021522000,Sanchez-Mira,021522000Sanchez-Mira,021522000Sanchez-Mira
021523000,Santa Ana,021523000Santa Ana,021523000Santa Ana
021524000,Santa Praxedes,021524000Santa Praxedes,021524000Santa Praxedes
021525000,Santa Teresita,021525000Santa Teresita,021525000Santa Teresita
021526000,Santo Niño,021526000Santo Niño,021526000Santo Niño
021527000,Solana,021527000Solana,021527000Solana
021528000,Tuao,021528000Tuao,021528000Tuao
021529000,Tuguegarao City (Capital),021529000Tuguegarao City (Capital),021529000Tuguegarao City (Capital)
023101000,Alicia,023101000Alicia,023101000Alicia
023102000,Angadanan,023102000Angadanan,023102000Angadanan
023103000,Aurora,023103000Aurora,023103000Aurora
023104000,Benito Soliven,023104000Benito Soliven,023104000Benito Soliven
023105000,Burgos,023105000Burgos,023105000Burgos
023106000,Cabagan,023106000Cabagan,023106000Cabagan
023107000,Cabatuan,023107000Cabatuan,023107000Cabatuan
023108000,City of Cauayan,023108000City of Cauayan,023108000City of Cauayan
023109000,Cordon,023109000Cordon,023109000Cordon
023110000,Dinapigue,023110000Dinapigue,023110000Dinapigue
023111000,Divilacan,023111000Divilacan,023111000Divilacan
023112000,Echague,023112000Echague,023112000Echague
023113000,Gamu,023113000Gamu,023113000Gamu
023114000,City of Ilagan (Capital),023114000City of Ilagan (Capital),023114000City of Ilagan (Capital)
023115000,Jones,023115000Jones,023115000Jones
023116000,Luna,023116000Luna,023116000Luna
023117000,Maconacon,023117000Maconacon,023117000Maconacon
023118000,Delfin Albano,023118000Delfin Albano,023118000Delfin Albano
023119000,Mallig,023119000Mallig,023119000Mallig
023120000,Naguilian,023120000Naguilian,023120000Naguilian
023121000,Palanan,023121000Palanan,023121000Palanan
023122000,Quezon,023122000Quezon,023122000Quezon
023123000,Quirino,023123000Quirino,023123000Quirino
023124000,Ramon,023124000Ramon,023124000Ramon
023125000,Reina Mercedes,023125000Reina Mercedes,023125000Reina Mercedes
023126000,Roxas,023126000Roxas,023126000Roxas
023127000,San Agustin,023127000San Agustin,023127000San Agustin
023128000,San Guillermo,023128000San Guillermo,023128000San Guillermo
023129000,San Isidro,023129000San Isidro,023129000San Isidro
023130000,San Manuel,023130000San Manuel,023130000San Manuel
023131000,San Mariano,023131000San Mariano,023131000San Mariano
023132000,San Mateo,023132000San Mateo,023132000San Mateo
023133000,San Pablo,023133000San Pablo,023133000San Pablo
023134000,Santa Maria,023134000Santa Maria,023134000Santa Maria
023135000,City of Santiago,023135000City of Santiago,023135000City of Santiago
023136000,Santo Tomas,023136000Santo Tomas,023136000Santo Tomas
023137000,Tumauini,023137000Tumauini,023137000Tumauini
025001000,Ambaguio,025001000Ambaguio,025001000Ambaguio
025002000,Aritao,025002000Aritao,025002000Aritao
025003000,Bagabag,025003000Bagabag,025003000Bagabag
025004000,Bambang,025004000Bambang,025004000Bambang
025005000,Bayombong (Capital),025005000Bayombong (Capital),025005000Bayombong (Capital)
025006000,Diadi,025006000Diadi,025006000Diadi
025007000,Dupax del Norte,025007000Dupax del Norte,025007000Dupax del Norte
025008000,Dupax del Sur,025008000Dupax del Sur,025008000Dupax del Sur
025009000,Kasibu,025009000Kasibu,025009000Kasibu
025010000,Kayapa,025010000Kayapa,025010000Kayapa
025011000,Quezon,025011000Quezon,025011000Quezon
025012000,Santa Fe,025012000Santa Fe,025012000Santa Fe
025013000,Solano,025013000Solano,025013000Solano
025014000,Villaverde,025014000Villaverde,025014000Villaverde
025015000,Alfonso Castaneda,025015000Alfonso Castaneda,025015000Alfonso Castaneda
025701000,Aglipay,025701000Aglipay,025701000Aglipay
025702000,Cabarroguis (Capital),025702000Cabarroguis (Capital),025702000Cabarroguis (Capital)
025703000,Diffun,025703000Diffun,025703000Diffun
025704000,Maddela,025704000Maddela,025704000Maddela
025705000,Saguday,025705000Saguday,025705000Saguday
025706000,Nagtipunan,025706000Nagtipunan,025706000Nagtipunan
030801000,Abucay,030801000Abucay,030801000Abucay
030802000,Bagac,030802000Bagac,030802000Bagac
030803000,City of Balanga (Capital),030803000City of Balanga (Capital),030803000City of Balanga (Capital)
030804000,Dinalupihan,030804000Dinalupihan,030804000Dinalupihan
030805000,Hermosa,030805000Hermosa,030805000Hermosa
030806000,Limay,030806000Limay,030806000Limay
030807000,Mariveles,030807000Mariveles,030807000Mariveles
030808000,Morong,030808000Morong,030808000Morong
030809000,Orani,030809000Orani,030809000Orani
030810000,Orion,030810000Orion,030810000Orion
030811000,Pilar,030811000Pilar,030811000Pilar
030812000,Samal,030812000Samal,030812000Samal
031401000,Angat,031401000Angat,031401000Angat
031402000,Balagtas,031402000Balagtas,031402000Balagtas
031403000,Baliuag,031403000Baliuag,031403000Baliuag
031404000,Bocaue,031404000Bocaue,031404000Bocaue
031405000,Bulacan,031405000Bulacan,031405000Bulacan
031406000,Bustos,031406000Bustos,031406000Bustos
031407000,Calumpit,031407000Calumpit,031407000Calumpit
031408000,Guiguinto,031408000Guiguinto,031408000Guiguinto
031409000,Hagonoy,031409000Hagonoy,031409000Hagonoy
031410000,City of Malolos (Capital),031410000City of Malolos (Capital),031410000City of Malolos (Capital)
031411000,Marilao,031411000Marilao,031411000Marilao
031412000,City of Meycauayan,031412000City of Meycauayan,031412000City of Meycauayan
031413000,Norzagaray,031413000Norzagaray,031413000Norzagaray
031414000,Obando,031414000Obando,031414000Obando
031415000,Pandi,031415000Pandi,031415000Pandi
031416000,Paombong,031416000Paombong,031416000Paombong
031417000,Plaridel,031417000Plaridel,031417000Plaridel
031418000,Pulilan,031418000Pulilan,031418000Pulilan
031419000,San Ildefonso,031419000San Ildefonso,031419000San Ildefonso
031420000,City of San Jose Del Monte,031420000City of San Jose Del Monte,031420000City of San Jose Del Monte
031421000,San Miguel,031421000San Miguel,031421000San Miguel
031422000,San Rafael,031422000San Rafael,031422000San Rafael
031423000,Santa Maria,031423000Santa Maria,031423000Santa Maria
031424000,Doña Remedios Trinidad,031424000Doña Remedios Trinidad,031424000Doña Remedios Trinidad
034901000,Aliaga,034901000Aliaga,034901000Aliaga
034902000,Bongabon,034902000Bongabon,034902000Bongabon
034903000,City of Cabanatuan,034903000City of Cabanatuan,034903000City of Cabanatuan
034904000,Cabiao,034904000Cabiao,034904000Cabiao
034905000,Carranglan,034905000Carranglan,034905000Carranglan
034906000,Cuyapo,034906000Cuyapo,034906000Cuyapo
034907000,Gabaldon,034907000Gabaldon,034907000Gabaldon
034908000,City of Gapan,034908000City of Gapan,034908000City of Gapan
034909000,General Mamerto Natividad,034909000General Mamerto Natividad,034909000General Mamerto Natividad
034910000,General Tinio,034910000General Tinio,034910000General Tinio
034911000,Guimba,034911000Guimba,034911000Guimba
034912000,Jaen,034912000Jaen,034912000Jaen
034913000,Laur,034913000Laur,034913000Laur
034914000,Licab,034914000Licab,034914000Licab
034915000,Llanera,034915000Llanera,034915000Llanera
034916000,Lupao,034916000Lupao,034916000Lupao
034917000,Science City of Muñoz,034917000Science City of Muñoz,034917000Science City of Muñoz
034918000,Nampicuan,034918000Nampicuan,034918000Nampicuan
034919000,City of Palayan (Capital),034919000City of Palayan (Capital),034919000City of Palayan (Capital)
034920000,Pantabangan,034920000Pantabangan,034920000Pantabangan
034921000,Peñaranda,034921000Peñaranda,034921000Peñaranda
034922000,Quezon,034922000Quezon,034922000Quezon
034923000,Rizal,034923000Rizal,034923000Rizal
034924000,San Antonio,034924000San Antonio,034924000San Antonio
034925000,San Isidro,034925000San Isidro,034925000San Isidro
034926000,San Jose City,034926000San Jose City,034926000San Jose City
034927000,San Leonardo,034927000San Leonardo,034927000San Leonardo
034928000,Santa Rosa,034928000Santa Rosa,034928000Santa Rosa
034929000,Santo Domingo,034929000Santo Domingo,034929000Santo Domingo
034930000,Talavera,034930000Talavera,034930000Talavera
034931000,Talugtug,034931000Talugtug,034931000Talugtug
034932000,Zaragoza,034932000Zaragoza,034932000Zaragoza
035401000,City of Angeles,035401000City of Angeles,035401000City of Angeles
035402000,Apalit,035402000Apalit,035402000Apalit
035403000,Arayat,035403000Arayat,035403000Arayat
035404000,Bacolor,035404000Bacolor,035404000Bacolor
035405000,Candaba,035405000Candaba,035405000Candaba
035406000,Floridablanca,035406000Floridablanca,035406000Floridablanca
035407000,Guagua,035407000Guagua,035407000Guagua
035408000,Lubao,035408000Lubao,035408000Lubao
035409000,Mabalacat City,035409000Mabalacat City,035409000Mabalacat City
035410000,Macabebe,035410000Macabebe,035410000Macabebe
035411000,Magalang,035411000Magalang,035411000Magalang
035412000,Masantol,035412000Masantol,035412000Masantol
035413000,Mexico,035413000Mexico,035413000Mexico
035414000,Minalin,035414000Minalin,035414000Minalin
035415000,Porac,035415000Porac,035415000Porac
035416000,City of San Fernando (Capital),035416000City of San Fernando (Capital),035416000City of San Fernando (Capital)
035417000,San Luis,035417000San Luis,035417000San Luis
035418000,San Simon,035418000San Simon,035418000San Simon
035419000,Santa Ana,035419000Santa Ana,035419000Santa Ana
035420000,Santa Rita,035420000Santa Rita,035420000Santa Rita
035421000,Santo Tomas,035421000Santo Tomas,035421000Santo Tomas
035422000,Sasmuan,035422000Sasmuan,035422000Sasmuan
036901000,Anao,036901000Anao,036901000Anao
036902000,Bamban,036902000Bamban,036902000Bamban
036903000,Camiling,036903000Camiling,036903000Camiling
036904000,Capas,036904000Capas,036904000Capas
036905000,Concepcion,036905000Concepcion,036905000Concepcion
036906000,Gerona,036906000Gerona,036906000Gerona
036907000,La Paz,036907000La Paz,036907000La Paz
036908000,Mayantoc,036908000Mayantoc,036908000Mayantoc
036909000,Moncada,036909000Moncada,036909000Moncada
036910000,Paniqui,036910000Paniqui,036910000Paniqui
036911000,Pura,036911000Pura,036911000Pura
036912000,Ramos,036912000Ramos,036912000Ramos
036913000,San Clemente,036913000San Clemente,036913000San Clemente
036914000,San Manuel,036914000San Manuel,036914000San Manuel
036915000,Santa Ignacia,036915000Santa Ignacia,036915000Santa Ignacia
036916000,City of Tarlac (Capital),036916000City of Tarlac (Capital),036916000City of Tarlac (Capital)
036917000,Victoria,036917000Victoria,036917000Victoria
036918000,San Jose,036918000San Jose,036918000San Jose
037101000,Botolan,037101000Botolan,037101000Botolan
037102000,Cabangan,037102000Cabangan,037102000Cabangan
037103000,Candelaria,037103000Candelaria,037103000Candelaria
037104000,Castillejos,037104000Castillejos,037104000Castillejos
037105000,Iba (Capital),037105000Iba (Capital),037105000Iba (Capital)
037106000,Masinloc,037106000Masinloc,037106000Masinloc
037107000,City of Olongapo,037107000City of Olongapo,037107000City of Olongapo
037108000,Palauig,037108000Palauig,037108000Palauig
037109000,San Antonio,037109000San Antonio,037109000San Antonio
037110000,San Felipe,037110000San Felipe,037110000San Felipe
037111000,San Marcelino,037111000San Marcelino,037111000San Marcelino
037112000,San Narciso,037112000San Narciso,037112000San Narciso
037113000,Santa Cruz,037113000Santa Cruz,037113000Santa Cruz
037114000,Subic,037114000Subic,037114000Subic
037701000,Baler (Capital),037701000Baler (Capital),037701000Baler (Capital)
037702000,Casiguran,037702000Casiguran,037702000Casiguran
037703000,Dilasag,037703000Dilasag,037703000Dilasag
037704000,Dinalungan,037704000Dinalungan,037704000Dinalungan
037705000,Dingalan,037705000Dingalan,037705000Dingalan
037706000,Dipaculao,037706000Dipaculao,037706000Dipaculao
037707000,Maria Aurora,037707000Maria Aurora,037707000Maria Aurora
037708000,San Luis,037708000San Luis,037708000San Luis
041001000,Agoncillo,041001000Agoncillo,041001000Agoncillo
041002000,Alitagtag,041002000Alitagtag,041002000Alitagtag
041003000,Balayan,041003000Balayan,041003000Balayan
041004000,Balete,041004000Balete,041004000Balete
041005000,Batangas City (Capital),041005000Batangas City (Capital),041005000Batangas City (Capital)
041006000,Bauan,041006000Bauan,041006000Bauan
041007000,Calaca,041007000Calaca,041007000Calaca
041008000,Calatagan,041008000Calatagan,041008000Calatagan
041009000,Cuenca,041009000Cuenca,041009000Cuenca
041010000,Ibaan,041010000Ibaan,041010000Ibaan
041011000,Laurel,041011000Laurel,041011000Laurel
041012000,Lemery,041012000Lemery,041012000Lemery
041013000,Lian,041013000Lian,041013000Lian
041014000,City of Lipa,041014000City of Lipa,041014000City of Lipa
041015000,Lobo,041015000Lobo,041015000Lobo
041016000,Mabini,041016000Mabini,041016000Mabini
041017000,Malvar,041017000Malvar,041017000Malvar
041018000,Mataasnakahoy,041018000Mataasnakahoy,041018000Mataasnakahoy
041019000,Nasugbu,041019000Nasugbu,041019000Nasugbu
041020000,Padre Garcia,041020000Padre Garcia,041020000Padre Garcia
041021000,Rosario,041021000Rosario,041021000Rosario
041022000,San Jose,041022000San Jose,041022000San Jose
041023000,San Juan,041023000San Juan,041023000San Juan
041024000,San Luis,041024000San Luis,041024000San Luis
041025000,San Nicolas,041025000San Nicolas,041025000San Nicolas
041026000,San Pascual,041026000San Pascual,041026000San Pascual
041027000,Santa Teresita,041027000Santa Teresita,041027000Santa Teresita
041028000,City of Sto. Tomas,041028000City of Sto. Tomas,041028000City of Sto. Tomas
041029000,Taal,041029000Taal,041029000Taal
041030000,Talisay,041030000Talisay,041030000Talisay
041031000,City of Tanauan,041031000City of Tanauan,041031000City of Tanauan
041032000,Taysan,041032000Taysan,041032000Taysan
041033000,Tingloy,041033000Tingloy,041033000Tingloy
041034000,Tuy,041034000Tuy,041034000Tuy
042101000,Alfonso,042101000Alfonso,042101000Alfonso
042102000,Amadeo,042102000Amadeo,042102000Amadeo
042103000,City of Bacoor,042103000City of Bacoor,042103000City of Bacoor
042104000,Carmona,042104000Carmona,042104000Carmona
042105000,City of Cavite,042105000City of Cavite,042105000City of Cavite
042106000,City of Dasmariñas,042106000City of Dasmariñas,042106000City of Dasmariñas
042107000,General Emilio Aguinaldo,042107000General Emilio Aguinaldo,042107000General Emilio Aguinaldo
042108000,City of General Trias,042108000City of General Trias,042108000City of General Trias
042109000,City of Imus,042109000City of Imus,042109000City of Imus
042110000,Indang,042110000Indang,042110000Indang
042111000,Kawit,042111000Kawit,042111000Kawit
042112000,Magallanes,042112000Magallanes,042112000Magallanes
042113000,Maragondon,042113000Maragondon,042113000Maragondon
042114000,Mendez,042114000Mendez,042114000Mendez
042115000,Naic,042115000Naic,042115000Naic
042116000,Noveleta,042116000Noveleta,042116000Noveleta
042117000,Rosario,042117000Rosario,042117000Rosario
042118000,Silang,042118000Silang,042118000Silang
042119000,City of Tagaytay,042119000City of Tagaytay,042119000City of Tagaytay
042120000,Tanza,042120000Tanza,042120000Tanza
042121000,Ternate,042121000Ternate,042121000Ternate
042122000,City of Trece Martires (Capital),042122000City of Trece Martires (Capital),042122000City of Trece Martires (Capital)
042123000,Gen. Mariano Alvarez,042123000Gen. Mariano Alvarez,042123000Gen. Mariano Alvarez
043401000,Alaminos,043401000Alaminos,043401000Alaminos
043402000,Bay,043402000Bay,043402000Bay
043403000,City of Biñan,043403000City of Biñan,043403000City of Biñan
043404000,City of Cabuyao,043404000City of Cabuyao,043404000City of Cabuyao
043405000,City of Calamba,043405000City of Calamba,043405000City of Calamba
043406000,Calauan,043406000Calauan,043406000Calauan
043407000,Cavinti,043407000Cavinti,043407000Cavinti
043408000,Famy,043408000Famy,043408000Famy
043409000,Kalayaan,043409000Kalayaan,043409000Kalayaan
043410000,Liliw,043410000Liliw,043410000Liliw
043411000,Los Baños,043411000Los Baños,043411000Los Baños
043412000,Luisiana,043412000Luisiana,043412000Luisiana
043413000,Lumban,043413000Lumban,043413000Lumban
043414000,Mabitac,043414000Mabitac,043414000Mabitac
043415000,Magdalena,043415000Magdalena,043415000Magdalena
043416000,Majayjay,043416000Majayjay,043416000Majayjay
043417000,Nagcarlan,043417000Nagcarlan,043417000Nagcarlan
043418000,Paete,043418000Paete,043418000Paete
043419000,Pagsanjan,043419000Pagsanjan,043419000Pagsanjan
043420000,Pakil,043420000Pakil,043420000Pakil
043421000,Pangil,043421000Pangil,043421000Pangil
043422000,Pila,043422000Pila,043422000Pila
043423000,Rizal,043423000Rizal,043423000Rizal
043424000,City of San Pablo,043424000City of San Pablo,043424000City of San Pablo
043425000,City of San Pedro,043425000City of San Pedro,043425000City of San Pedro
043426000,Santa Cruz (Capital),043426000Santa Cruz (Capital),043426000Santa Cruz (Capital)
043427000,Santa Maria,043427000Santa Maria,043427000Santa Maria
043428000,City of Santa Rosa,043428000City of Santa Rosa,043428000City of Santa Rosa
043429000,Siniloan,043429000Siniloan,043429000Siniloan
043430000,Victoria,043430000Victoria,043430000Victoria
045601000,Agdangan,045601000Agdangan,045601000Agdangan
045602000,Alabat,045602000Alabat,045602000Alabat
045603000,Atimonan,045603000Atimonan,045603000Atimonan
045605000,Buenavista,045605000Buenavista,045605000Buenavista
045606000,Burdeos,045606000Burdeos,045606000Burdeos
045607000,Calauag,045607000Calauag,045607000Calauag
045608000,Candelaria,045608000Candelaria,045608000Candelaria
045610000,Catanauan,045610000Catanauan,045610000Catanauan
045615000,Dolores,045615000Dolores,045615000Dolores
045616000,General Luna,045616000General Luna,045616000General Luna
045617000,General Nakar,045617000General Nakar,045617000General Nakar
045618000,Guinayangan,045618000Guinayangan,045618000Guinayangan
045619000,Gumaca,045619000Gumaca,045619000Gumaca
045620000,Infanta,045620000Infanta,045620000Infanta
045621000,Jomalig,045621000Jomalig,045621000Jomalig
045622000,Lopez,045622000Lopez,045622000Lopez
045623000,Lucban,045623000Lucban,045623000Lucban
045624000,City of Lucena (Capital),045624000City of Lucena (Capital),045624000City of Lucena (Capital)
045625000,Macalelon,045625000Macalelon,045625000Macalelon
045627000,Mauban,045627000Mauban,045627000Mauban
045628000,Mulanay,045628000Mulanay,045628000Mulanay
045629000,Padre Burgos,045629000Padre Burgos,045629000Padre Burgos
045630000,Pagbilao,045630000Pagbilao,045630000Pagbilao
045631000,Panukulan,045631000Panukulan,045631000Panukulan
045632000,Patnanungan,045632000Patnanungan,045632000Patnanungan
045633000,Perez,045633000Perez,045633000Perez
045634000,Pitogo,045634000Pitogo,045634000Pitogo
045635000,Plaridel,045635000Plaridel,045635000Plaridel
045636000,Polillo,045636000Polillo,045636000Polillo
045637000,Quezon,045637000Quezon,045637000Quezon
045638000,Real,045638000Real,045638000Real
045639000,Sampaloc,045639000Sampaloc,045639000Sampaloc
045640000,San Andres,045640000San Andres,045640000San Andres
045641000,San Antonio,045641000San Antonio,045641000San Antonio
045642000,San Francisco,045642000San Francisco,045642000San Francisco
045644000,San Narciso,045644000San Narciso,045644000San Narciso
045645000,Sariaya,045645000Sariaya,045645000Sariaya
045646000,Tagkawayan,045646000Tagkawayan,045646000Tagkawayan
045647000,City of Tayabas,045647000City of Tayabas,045647000City of Tayabas
045648000,Tiaong,045648000Tiaong,045648000Tiaong
045649000,Unisan,045649000Unisan,045649000Unisan
045801000,Angono,045801000Angono,045801000Angono
045802000,City of Antipolo (Capital),045802000City of Antipolo (Capital),045802000City of Antipolo (Capital)
045803000,Baras,045803000Baras,045803000Baras
045804000,Binangonan,045804000Binangonan,045804000Binangonan
045805000,Cainta,045805000Cainta,045805000Cainta
045806000,Cardona,045806000Cardona,045806000Cardona
045807000,Jala-Jala,045807000Jala-Jala,045807000Jala-Jala
045808000,Rodriguez,045808000Rodriguez,045808000Rodriguez
045809000,Morong,045809000Morong,045809000Morong
045810000,Pililla,045810000Pililla,045810000Pililla
045811000,San Mateo,045811000San Mateo,045811000San Mateo
045812000,Tanay,045812000Tanay,045812000Tanay
045813000,Taytay,045813000Taytay,045813000Taytay
045814000,Teresa,045814000Teresa,045814000Teresa
174001000,Boac (Capital),174001000Boac (Capital),174001000Boac (Capital)
174002000,Buenavista,174002000Buenavista,174002000Buenavista
174003000,Gasan,174003000Gasan,174003000Gasan
174004000,Mogpog,174004000Mogpog,174004000Mogpog
174005000,Santa Cruz,174005000Santa Cruz,174005000Santa Cruz
174006000,Torrijos,174006000Torrijos,174006000Torrijos
175101000,Abra De Ilog,175101000Abra De Ilog,175101000Abra De Ilog
175102000,Calintaan,175102000Calintaan,175102000Calintaan
175103000,Looc,175103000Looc,175103000Looc
175104000,Lubang,175104000Lubang,175104000Lubang
175105000,Magsaysay,175105000Magsaysay,175105000Magsaysay
175106000,Mamburao (Capital),175106000Mamburao (Capital),175106000Mamburao (Capital)
175107000,Paluan,175107000Paluan,175107000Paluan
175108000,Rizal,175108000Rizal,175108000Rizal
175109000,Sablayan,175109000Sablayan,175109000Sablayan
175110000,San Jose,175110000San Jose,175110000San Jose
175111000,Santa Cruz,175111000Santa Cruz,175111000Santa Cruz
175201000,Baco,175201000Baco,175201000Baco
175202000,Bansud,175202000Bansud,175202000Bansud
175203000,Bongabong,175203000Bongabong,175203000Bongabong
175204000,Bulalacao,175204000Bulalacao,175204000Bulalacao
175205000,City of Calapan (Capital),175205000City of Calapan (Capital),175205000City of Calapan (Capital)
175206000,Gloria,175206000Gloria,175206000Gloria
175207000,Mansalay,175207000Mansalay,175207000Mansalay
175208000,Naujan,175208000Naujan,175208000Naujan
175209000,Pinamalayan,175209000Pinamalayan,175209000Pinamalayan
175210000,Pola,175210000Pola,175210000Pola
175211000,Puerto Galera,175211000Puerto Galera,175211000Puerto Galera
175212000,Roxas,175212000Roxas,175212000Roxas
175213000,San Teodoro,175213000San Teodoro,175213000San Teodoro
175214000,Socorro,175214000Socorro,175214000Socorro
175215000,Victoria,175215000Victoria,175215000Victoria
175301000,Aborlan,175301000Aborlan,175301000Aborlan
175302000,Agutaya,175302000Agutaya,175302000Agutaya
175303000,Araceli,175303000Araceli,175303000Araceli
175304000,Balabac,175304000Balabac,175304000Balabac
175305000,Bataraza,175305000Bataraza,175305000Bataraza
175306000,Brooke'S Point,175306000Brooke'S Point,175306000Brooke'S Point
175307000,Busuanga,175307000Busuanga,175307000Busuanga
175308000,Cagayancillo,175308000Cagayancillo,175308000Cagayancillo
175309000,Coron,175309000Coron,175309000Coron
175310000,Cuyo,175310000Cuyo,175310000Cuyo
175311000,Dumaran,175311000Dumaran,175311000Dumaran
175312000,El Nido,175312000El Nido,175312000El Nido
175313000,Linapacan,175313000Linapacan,175313000Linapacan
175314000,Magsaysay,175314000Magsaysay,175314000Magsaysay
175315000,Narra,175315000Narra,175315000Narra
175316000,City of Puerto Princesa (Capital),175316000City of Puerto Princesa (Capital),175316000City of Puerto Princesa (Capital)
175317000,Quezon,175317000Quezon,175317000Quezon
175318000,Roxas,175318000Roxas,175318000Roxas
175319000,San Vicente,175319000San Vicente,175319000San Vicente
175320000,Taytay,175320000Taytay,175320000Taytay
175321000,Kalayaan,175321000Kalayaan,175321000Kalayaan
175322000,Culion,175322000Culion,175322000Culion
175323000,Rizal,175323000Rizal,175323000Rizal
175324000,Sofronio Española,175324000Sofronio Española,175324000Sofronio Española
175901000,Alcantara,175901000Alcantara,175901000Alcantara
175902000,Banton,175902000Banton,175902000Banton
175903000,Cajidiocan,175903000Cajidiocan,175903000Cajidiocan
175904000,Calatrava,175904000Calatrava,175904000Calatrava
175905000,Concepcion,175905000Concepcion,175905000Concepcion
175906000,Corcuera,175906000Corcuera,175906000Corcuera
175907000,Looc,175907000Looc,175907000Looc
175908000,Magdiwang,175908000Magdiwang,175908000Magdiwang
175909000,Odiongan,175909000Odiongan,175909000Odiongan
175910000,Romblon (Capital),175910000Romblon (Capital),175910000Romblon (Capital)
175911000,San Agustin,175911000San Agustin,175911000San Agustin
175912000,San Andres,175912000San Andres,175912000San Andres
175913000,San Fernando,175913000San Fernando,175913000San Fernando
175914000,San Jose,175914000San Jose,175914000San Jose
175915000,Santa Fe,175915000Santa Fe,175915000Santa Fe
175916000,Ferrol,175916000Ferrol,175916000Ferrol
175917000,Santa Maria,175917000Santa Maria,175917000Santa Maria
050501000,Bacacay,050501000Bacacay,050501000Bacacay
050502000,Camalig,050502000Camalig,050502000Camalig
050503000,Daraga,050503000Daraga,050503000Daraga
050504000,Guinobatan,050504000Guinobatan,050504000Guinobatan
050505000,Jovellar,050505000Jovellar,050505000Jovellar
050506000,City of Legazpi (Capital),050506000City of Legazpi (Capital),050506000City of Legazpi (Capital)
050507000,Libon,050507000Libon,050507000Libon
050508000,City of Ligao,050508000City of Ligao,050508000City of Ligao
050509000,Malilipot,050509000Malilipot,050509000Malilipot
050510000,Malinao,050510000Malinao,050510000Malinao
050511000,Manito,050511000Manito,050511000Manito
050512000,Oas,050512000Oas,050512000Oas
050513000,Pio Duran,050513000Pio Duran,050513000Pio Duran
050514000,Polangui,050514000Polangui,050514000Polangui
050515000,Rapu-Rapu,050515000Rapu-Rapu,050515000Rapu-Rapu
050516000,Santo Domingo,050516000Santo Domingo,050516000Santo Domingo
050517000,City of Tabaco,050517000City of Tabaco,050517000City of Tabaco
050518000,Tiwi,050518000Tiwi,050518000Tiwi
051601000,Basud,051601000Basud,051601000Basud
051602000,Capalonga,051602000Capalonga,051602000Capalonga
051603000,Daet (Capital),051603000Daet (Capital),051603000Daet (Capital)
051604000,San Lorenzo Ruiz,051604000San Lorenzo Ruiz,051604000San Lorenzo Ruiz
051605000,Jose Panganiban,051605000Jose Panganiban,051605000Jose Panganiban
051606000,Labo,051606000Labo,051606000Labo
051607000,Mercedes,051607000Mercedes,051607000Mercedes
051608000,Paracale,051608000Paracale,051608000Paracale
051609000,San Vicente,051609000San Vicente,051609000San Vicente
051610000,Santa Elena,051610000Santa Elena,051610000Santa Elena
051611000,Talisay,051611000Talisay,051611000Talisay
051612000,Vinzons,051612000Vinzons,051612000Vinzons
051701000,Baao,051701000Baao,051701000Baao
051702000,Balatan,051702000Balatan,051702000Balatan
051703000,Bato,051703000Bato,051703000Bato
051704000,Bombon,051704000Bombon,051704000Bombon
051705000,Buhi,051705000Buhi,051705000Buhi
051706000,Bula,051706000Bula,051706000Bula
051707000,Cabusao,051707000Cabusao,051707000Cabusao
051708000,Calabanga,051708000Calabanga,051708000Calabanga
051709000,Camaligan,051709000Camaligan,051709000Camaligan
051710000,Canaman,051710000Canaman,051710000Canaman
051711000,Caramoan,051711000Caramoan,051711000Caramoan
051712000,Del Gallego,051712000Del Gallego,051712000Del Gallego
051713000,Gainza,051713000Gainza,051713000Gainza
051714000,Garchitorena,051714000Garchitorena,051714000Garchitorena
051715000,Goa,051715000Goa,051715000Goa
051716000,City of Iriga,051716000City of Iriga,051716000City of Iriga
051717000,Lagonoy,051717000Lagonoy,051717000Lagonoy
051718000,Libmanan,051718000Libmanan,051718000Libmanan
051719000,Lupi,051719000Lupi,051719000Lupi
051720000,Magarao,051720000Magarao,051720000Magarao
051721000,Milaor,051721000Milaor,051721000Milaor
051722000,Minalabac,051722000Minalabac,051722000Minalabac
051723000,Nabua,051723000Nabua,051723000Nabua
051724000,City of Naga,051724000City of Naga,051724000City of Naga
051725000,Ocampo,051725000Ocampo,051725000Ocampo
051726000,Pamplona,051726000Pamplona,051726000Pamplona
051727000,Pasacao,051727000Pasacao,051727000Pasacao
051728000,Pili (Capital),051728000Pili (Capital),051728000Pili (Capital)
051729000,Presentacion,051729000Presentacion,051729000Presentacion
051730000,Ragay,051730000Ragay,051730000Ragay
051731000,Sagñay,051731000Sagñay,051731000Sagñay
051732000,San Fernando,051732000San Fernando,051732000San Fernando
051733000,San Jose,051733000San Jose,051733000San Jose
051734000,Sipocot,051734000Sipocot,051734000Sipocot
051735000,Siruma,051735000Siruma,051735000Siruma
051736000,Tigaon,051736000Tigaon,051736000Tigaon
051737000,Tinambac,051737000Tinambac,051737000Tinambac
052001000,Bagamanoc,052001000Bagamanoc,052001000Bagamanoc
052002000,Baras,052002000Baras,052002000Baras
052003000,Bato,052003000Bato,052003000Bato
052004000,Caramoran,052004000Caramoran,052004000Caramoran
052005000,Gigmoto,052005000Gigmoto,052005000Gigmoto
052006000,Pandan,052006000Pandan,052006000Pandan
052007000,Panganiban,052007000Panganiban,052007000Panganiban
052008000,San Andres,052008000San Andres,052008000San Andres
052009000,San Miguel,052009000San Miguel,052009000San Miguel
052010000,Viga,052010000Viga,052010000Viga
052011000,Virac (Capital),052011000Virac (Capital),052011000Virac (Capital)
054101000,Aroroy,054101000Aroroy,054101000Aroroy
054102000,Baleno,054102000Baleno,054102000Baleno
054103000,Balud,054103000Balud,054103000Balud
054104000,Batuan,054104000Batuan,054104000Batuan
054105000,Cataingan,054105000Cataingan,054105000Cataingan
054106000,Cawayan,054106000Cawayan,054106000Cawayan
054107000,Claveria,054107000Claveria,054107000Claveria
054108000,Dimasalang,054108000Dimasalang,054108000Dimasalang
054109000,Esperanza,054109000Esperanza,054109000Esperanza
054110000,Mandaon,054110000Mandaon,054110000Mandaon
054111000,City of Masbate (Capital),054111000City of Masbate (Capital),054111000City of Masbate (Capital)
054112000,Milagros,054112000Milagros,054112000Milagros
054113000,Mobo,054113000Mobo,054113000Mobo
054114000,Monreal,054114000Monreal,054114000Monreal
054115000,Palanas,054115000Palanas,054115000Palanas
054116000,Pio V. Corpuz,054116000Pio V. Corpuz,054116000Pio V. Corpuz
054117000,Placer,054117000Placer,054117000Placer
054118000,San Fernando,054118000San Fernando,054118000San Fernando
054119000,San Jacinto,054119000San Jacinto,054119000San Jacinto
054120000,San Pascual,054120000San Pascual,054120000San Pascual
054121000,Uson,054121000Uson,054121000Uson
056202000,Barcelona,056202000Barcelona,056202000Barcelona
056203000,Bulan,056203000Bulan,056203000Bulan
056204000,Bulusan,056204000Bulusan,056204000Bulusan
056205000,Casiguran,056205000Casiguran,056205000Casiguran
056206000,Castilla,056206000Castilla,056206000Castilla
056207000,Donsol,056207000Donsol,056207000Donsol
056208000,Gubat,056208000Gubat,056208000Gubat
056209000,Irosin,056209000Irosin,056209000Irosin
056210000,Juban,056210000Juban,056210000Juban
056211000,Magallanes,056211000Magallanes,056211000Magallanes
056212000,Matnog,056212000Matnog,056212000Matnog
056213000,Pilar,056213000Pilar,056213000Pilar
056214000,Prieto Diaz,056214000Prieto Diaz,056214000Prieto Diaz
056215000,Santa Magdalena,056215000Santa Magdalena,056215000Santa Magdalena
056216000,City of Sorsogon (Capital),056216000City of Sorsogon (Capital),056216000City of Sorsogon (Capital)
060401000,Altavas,060401000Altavas,060401000Altavas
060402000,Balete,060402000Balete,060402000Balete
060403000,Banga,060403000Banga,060403000Banga
060404000,Batan,060404000Batan,060404000Batan
060405000,Buruanga,060405000Buruanga,060405000Buruanga
060406000,Ibajay,060406000Ibajay,060406000Ibajay
060407000,Kalibo (Capital),060407000Kalibo (Capital),060407000Kalibo (Capital)
060408000,Lezo,060408000Lezo,060408000Lezo
060409000,Libacao,060409000Libacao,060409000Libacao
060410000,Madalag,060410000Madalag,060410000Madalag
060411000,Makato,060411000Makato,060411000Makato
060412000,Malay,060412000Malay,060412000Malay
060413000,Malinao,060413000Malinao,060413000Malinao
060414000,Nabas,060414000Nabas,060414000Nabas
060415000,New Washington,060415000New Washington,060415000New Washington
060416000,Numancia,060416000Numancia,060416000Numancia
060417000,Tangalan,060417000Tangalan,060417000Tangalan
060601000,Anini-Y,060601000Anini-Y,060601000Anini-Y
060602000,Barbaza,060602000Barbaza,060602000Barbaza
060603000,Belison,060603000Belison,060603000Belison
060604000,Bugasong,060604000Bugasong,060604000Bugasong
060605000,Caluya,060605000Caluya,060605000Caluya
060606000,Culasi,060606000Culasi,060606000Culasi
060607000,Tobias Fornier,060607000Tobias Fornier,060607000Tobias Fornier
060608000,Hamtic,060608000Hamtic,060608000Hamtic
060609000,Laua-An,060609000Laua-An,060609000Laua-An
060610000,Libertad,060610000Libertad,060610000Libertad
060611000,Pandan,060611000Pandan,060611000Pandan
060612000,Patnongon,060612000Patnongon,060612000Patnongon
060613000,San Jose (Capital),060613000San Jose (Capital),060613000San Jose (Capital)
060614000,San Remigio,060614000San Remigio,060614000San Remigio
060615000,Sebaste,060615000Sebaste,060615000Sebaste
060616000,Sibalom,060616000Sibalom,060616000Sibalom
060617000,Tibiao,060617000Tibiao,060617000Tibiao
060618000,Valderrama,060618000Valderrama,060618000Valderrama
061901000,Cuartero,061901000Cuartero,061901000Cuartero
061902000,Dao,061902000Dao,061902000Dao
061903000,Dumalag,061903000Dumalag,061903000Dumalag
061904000,Dumarao,061904000Dumarao,061904000Dumarao
061905000,Ivisan,061905000Ivisan,061905000Ivisan
061906000,Jamindan,061906000Jamindan,061906000Jamindan
061907000,Ma-Ayon,061907000Ma-Ayon,061907000Ma-Ayon
061908000,Mambusao,061908000Mambusao,061908000Mambusao
061909000,Panay,061909000Panay,061909000Panay
061910000,Panitan,061910000Panitan,061910000Panitan
061911000,Pilar,061911000Pilar,061911000Pilar
061912000,Pontevedra,061912000Pontevedra,061912000Pontevedra
061913000,President Roxas,061913000President Roxas,061913000President Roxas
061914000,City of Roxas (Capital),061914000City of Roxas (Capital),061914000City of Roxas (Capital)
061915000,Sapi-An,061915000Sapi-An,061915000Sapi-An
061916000,Sigma,061916000Sigma,061916000Sigma
061917000,Tapaz,061917000Tapaz,061917000Tapaz
063001000,Ajuy,063001000Ajuy,063001000Ajuy
063002000,Alimodian,063002000Alimodian,063002000Alimodian
063003000,Anilao,063003000Anilao,063003000Anilao
063004000,Badiangan,063004000Badiangan,063004000Badiangan
063005000,Balasan,063005000Balasan,063005000Balasan
063006000,Banate,063006000Banate,063006000Banate
063007000,Barotac Nuevo,063007000Barotac Nuevo,063007000Barotac Nuevo
063008000,Barotac Viejo,063008000Barotac Viejo,063008000Barotac Viejo
063009000,Batad,063009000Batad,063009000Batad
063010000,Bingawan,063010000Bingawan,063010000Bingawan
063012000,Cabatuan,063012000Cabatuan,063012000Cabatuan
063013000,Calinog,063013000Calinog,063013000Calinog
063014000,Carles,063014000Carles,063014000Carles
063015000,Concepcion,063015000Concepcion,063015000Concepcion
063016000,Dingle,063016000Dingle,063016000Dingle
063017000,Dueñas,063017000Dueñas,063017000Dueñas
063018000,Dumangas,063018000Dumangas,063018000Dumangas
063019000,Estancia,063019000Estancia,063019000Estancia
063020000,Guimbal,063020000Guimbal,063020000Guimbal
063021000,Igbaras,063021000Igbaras,063021000Igbaras
063022000,City of Iloilo (Capital),063022000City of Iloilo (Capital),063022000City of Iloilo (Capital)
063023000,Janiuay,063023000Janiuay,063023000Janiuay
063025000,Lambunao,063025000Lambunao,063025000Lambunao
063026000,Leganes,063026000Leganes,063026000Leganes
063027000,Lemery,063027000Lemery,063027000Lemery
063028000,Leon,063028000Leon,063028000Leon
063029000,Maasin,063029000Maasin,063029000Maasin
063030000,Miagao,063030000Miagao,063030000Miagao
063031000,Mina,063031000Mina,063031000Mina
063032000,New Lucena,063032000New Lucena,063032000New Lucena
063034000,Oton,063034000Oton,063034000Oton
063035000,City of Passi,063035000City of Passi,063035000City of Passi
063036000,Pavia,063036000Pavia,063036000Pavia
063037000,Pototan,063037000Pototan,063037000Pototan
063038000,San Dionisio,063038000San Dionisio,063038000San Dionisio
063039000,San Enrique,063039000San Enrique,063039000San Enrique
063040000,San Joaquin,063040000San Joaquin,063040000San Joaquin
063041000,San Miguel,063041000San Miguel,063041000San Miguel
063042000,San Rafael,063042000San Rafael,063042000San Rafael
063043000,Santa Barbara,063043000Santa Barbara,063043000Santa Barbara
063044000,Sara,063044000Sara,063044000Sara
063045000,Tigbauan,063045000Tigbauan,063045000Tigbauan
063046000,Tubungan,063046000Tubungan,063046000Tubungan
063047000,Zarraga,063047000Zarraga,063047000Zarraga
064501000,City of Bacolod (Capital),064501000City of Bacolod (Capital),064501000City of Bacolod (Capital)
064502000,City of Bago,064502000City of Bago,064502000City of Bago
064503000,Binalbagan,064503000Binalbagan,064503000Binalbagan
064504000,City of Cadiz,064504000City of Cadiz,064504000City of Cadiz
064505000,Calatrava,064505000Calatrava,064505000Calatrava
064506000,Candoni,064506000Candoni,064506000Candoni
064507000,Cauayan,064507000Cauayan,064507000Cauayan
064508000,Enrique B. Magalona,064508000Enrique B. Magalona,064508000Enrique B. Magalona
064509000,City of Escalante,064509000City of Escalante,064509000City of Escalante
064510000,City of Himamaylan,064510000City of Himamaylan,064510000City of Himamaylan
064511000,Hinigaran,064511000Hinigaran,064511000Hinigaran
064512000,Hinoba-an,064512000Hinoba-an,064512000Hinoba-an
064513000,Ilog,064513000Ilog,064513000Ilog
064514000,Isabela,064514000Isabela,064514000Isabela
064515000,City of Kabankalan,064515000City of Kabankalan,064515000City of Kabankalan
064516000,City of La Carlota,064516000City of La Carlota,064516000City of La Carlota
064517000,La Castellana,064517000La Castellana,064517000La Castellana
064518000,Manapla,064518000Manapla,064518000Manapla
064519000,Moises Padilla,064519000Moises Padilla,064519000Moises Padilla
064520000,Murcia,064520000Murcia,064520000Murcia
064521000,Pontevedra,064521000Pontevedra,064521000Pontevedra
064522000,Pulupandan,064522000Pulupandan,064522000Pulupandan
064523000,City of Sagay,064523000City of Sagay,064523000City of Sagay
064524000,City of San Carlos,064524000City of San Carlos,064524000City of San Carlos
064525000,San Enrique,064525000San Enrique,064525000San Enrique
064526000,City of Silay,064526000City of Silay,064526000City of Silay
064527000,City of Sipalay,064527000City of Sipalay,064527000City of Sipalay
064528000,City of Talisay,064528000City of Talisay,064528000City of Talisay
064529000,Toboso,064529000Toboso,064529000Toboso
064530000,Valladolid,064530000Valladolid,064530000Valladolid
064531000,City of Victorias,064531000City of Victorias,064531000City of Victorias
064532000,Salvador Benedicto,064532000Salvador Benedicto,064532000Salvador Benedicto
067901000,Buenavista,067901000Buenavista,067901000Buenavista
067902000,Jordan (Capital),067902000Jordan (Capital),067902000Jordan (Capital)
067903000,Nueva Valencia,067903000Nueva Valencia,067903000Nueva Valencia
067904000,San Lorenzo,067904000San Lorenzo,067904000San Lorenzo
067905000,Sibunag,067905000Sibunag,067905000Sibunag
071201000,Alburquerque,071201000Alburquerque,071201000Alburquerque
071202000,Alicia,071202000Alicia,071202000Alicia
071203000,Anda,071203000Anda,071203000Anda
071204000,Antequera,071204000Antequera,071204000Antequera
071205000,Baclayon,071205000Baclayon,071205000Baclayon
071206000,Balilihan,071206000Balilihan,071206000Balilihan
071207000,Batuan,071207000Batuan,071207000Batuan
071208000,Bilar,071208000Bilar,071208000Bilar
071209000,Buenavista,071209000Buenavista,071209000Buenavista
071210000,Calape,071210000Calape,071210000Calape
071211000,Candijay,071211000Candijay,071211000Candijay
071212000,Carmen,071212000Carmen,071212000Carmen
071213000,Catigbian,071213000Catigbian,071213000Catigbian
071214000,Clarin,071214000Clarin,071214000Clarin
071215000,Corella,071215000Corella,071215000Corella
071216000,Cortes,071216000Cortes,071216000Cortes
071217000,Dagohoy,071217000Dagohoy,071217000Dagohoy
071218000,Danao,071218000Danao,071218000Danao
071219000,Dauis,071219000Dauis,071219000Dauis
071220000,Dimiao,071220000Dimiao,071220000Dimiao
071221000,Duero,071221000Duero,071221000Duero
071222000,Garcia Hernandez,071222000Garcia Hernandez,071222000Garcia Hernandez
071223000,Guindulman,071223000Guindulman,071223000Guindulman
071224000,Inabanga,071224000Inabanga,071224000Inabanga
071225000,Jagna,071225000Jagna,071225000Jagna
071226000,Getafe,071226000Getafe,071226000Getafe
071227000,Lila,071227000Lila,071227000Lila
071228000,Loay,071228000Loay,071228000Loay
071229000,Loboc,071229000Loboc,071229000Loboc
071230000,Loon,071230000Loon,071230000Loon
071231000,Mabini,071231000Mabini,071231000Mabini
071232000,Maribojoc,071232000Maribojoc,071232000Maribojoc
071233000,Panglao,071233000Panglao,071233000Panglao
071234000,Pilar,071234000Pilar,071234000Pilar
071235000,President Carlos P. Garcia,071235000President Carlos P. Garcia,071235000President Carlos P. Garcia
071236000,Sagbayan,071236000Sagbayan,071236000Sagbayan
071237000,San Isidro,071237000San Isidro,071237000San Isidro
071238000,San Miguel,071238000San Miguel,071238000San Miguel
071239000,Sevilla,071239000Sevilla,071239000Sevilla
071240000,Sierra Bullones,071240000Sierra Bullones,071240000Sierra Bullones
071241000,Sikatuna,071241000Sikatuna,071241000Sikatuna
071242000,City of Tagbilaran (Capital),071242000City of Tagbilaran (Capital),071242000City of Tagbilaran (Capital)
071243000,Talibon,071243000Talibon,071243000Talibon
071244000,Trinidad,071244000Trinidad,071244000Trinidad
071245000,Tubigon,071245000Tubigon,071245000Tubigon
071246000,Ubay,071246000Ubay,071246000Ubay
071247000,Valencia,071247000Valencia,071247000Valencia
071248000,Bien Unido,071248000Bien Unido,071248000Bien Unido
072201000,Alcantara,072201000Alcantara,072201000Alcantara
072202000,Alcoy,072202000Alcoy,072202000Alcoy
072203000,Alegria,072203000Alegria,072203000Alegria
072204000,Aloguinsan,072204000Aloguinsan,072204000Aloguinsan
072205000,Argao,072205000Argao,072205000Argao
072206000,Asturias,072206000Asturias,072206000Asturias
072207000,Badian,072207000Badian,072207000Badian
072208000,Balamban,072208000Balamban,072208000Balamban
072209000,Bantayan,072209000Bantayan,072209000Bantayan
072210000,Barili,072210000Barili,072210000Barili
072211000,City of Bogo,072211000City of Bogo,072211000City of Bogo
072212000,Boljoon,072212000Boljoon,072212000Boljoon
072213000,Borbon,072213000Borbon,072213000Borbon
072214000,City of Carcar,072214000City of Carcar,072214000City of Carcar
072215000,Carmen,072215000Carmen,072215000Carmen
072216000,Catmon,072216000Catmon,072216000Catmon
072217000,City of Cebu (Capital),072217000City of Cebu (Capital),072217000City of Cebu (Capital)
072218000,Compostela,072218000Compostela,072218000Compostela
072219000,Consolacion,072219000Consolacion,072219000Consolacion
072220000,Cordova,072220000Cordova,072220000Cordova
072221000,Daanbantayan,072221000Daanbantayan,072221000Daanbantayan
072222000,Dalaguete,072222000Dalaguete,072222000Dalaguete
072223000,Danao City,072223000Danao City,072223000Danao City
072224000,Dumanjug,072224000Dumanjug,072224000Dumanjug
072225000,Ginatilan,072225000Ginatilan,072225000Ginatilan
072226000,City of Lapu-Lapu,072226000City of Lapu-Lapu,072226000City of Lapu-Lapu
072227000,Liloan,072227000Liloan,072227000Liloan
072228000,Madridejos,072228000Madridejos,072228000Madridejos
072229000,Malabuyoc,072229000Malabuyoc,072229000Malabuyoc
072230000,City of Mandaue,072230000City of Mandaue,072230000City of Mandaue
072231000,Medellin,072231000Medellin,072231000Medellin
072232000,Minglanilla,072232000Minglanilla,072232000Minglanilla
072233000,Moalboal,072233000Moalboal,072233000Moalboal
072234000,City of Naga,072234000City of Naga,072234000City of Naga
072235000,Oslob,072235000Oslob,072235000Oslob
072236000,Pilar,072236000Pilar,072236000Pilar
072237000,Pinamungajan,072237000Pinamungajan,072237000Pinamungajan
072238000,Poro,072238000Poro,072238000Poro
072239000,Ronda,072239000Ronda,072239000Ronda
072240000,Samboan,072240000Samboan,072240000Samboan
072241000,San Fernando,072241000San Fernando,072241000San Fernando
072242000,San Francisco,072242000San Francisco,072242000San Francisco
072243000,San Remigio,072243000San Remigio,072243000San Remigio
072244000,Santa Fe,072244000Santa Fe,072244000Santa Fe
072245000,Santander,072245000Santander,072245000Santander
072246000,Sibonga,072246000Sibonga,072246000Sibonga
072247000,Sogod,072247000Sogod,072247000Sogod
072248000,Tabogon,072248000Tabogon,072248000Tabogon
072249000,Tabuelan,072249000Tabuelan,072249000Tabuelan
072250000,City of Talisay,072250000City of Talisay,072250000City of Talisay
072251000,City of Toledo,072251000City of Toledo,072251000City of Toledo
072252000,Tuburan,072252000Tuburan,072252000Tuburan
072253000,Tudela,072253000Tudela,072253000Tudela
074601000,Amlan,074601000Amlan,074601000Amlan
074602000,Ayungon,074602000Ayungon,074602000Ayungon
074603000,Bacong,074603000Bacong,074603000Bacong
074604000,City of Bais,074604000City of Bais,074604000City of Bais
074605000,Basay,074605000Basay,074605000Basay
074606000,City of Bayawan,074606000City of Bayawan,074606000City of Bayawan
074607000,Bindoy,074607000Bindoy,074607000Bindoy
074608000,City of Canlaon,074608000City of Canlaon,074608000City of Canlaon
074609000,Dauin,074609000Dauin,074609000Dauin
074610000,City of Dumaguete (Capital),074610000City of Dumaguete (Capital),074610000City of Dumaguete (Capital)
074611000,City of Guihulngan,074611000City of Guihulngan,074611000City of Guihulngan
074612000,Jimalalud,074612000Jimalalud,074612000Jimalalud
074613000,La Libertad,074613000La Libertad,074613000La Libertad
074614000,Mabinay,074614000Mabinay,074614000Mabinay
074615000,Manjuyod,074615000Manjuyod,074615000Manjuyod
074616000,Pamplona,074616000Pamplona,074616000Pamplona
074617000,San Jose,074617000San Jose,074617000San Jose
074618000,Santa Catalina,074618000Santa Catalina,074618000Santa Catalina
074619000,Siaton,074619000Siaton,074619000Siaton
074620000,Sibulan,074620000Sibulan,074620000Sibulan
074621000,City of Tanjay,074621000City of Tanjay,074621000City of Tanjay
074622000,Tayasan,074622000Tayasan,074622000Tayasan
074623000,Valencia,074623000Valencia,074623000Valencia
074624000,Vallehermoso,074624000Vallehermoso,074624000Vallehermoso
074625000,Zamboanguita,074625000Zamboanguita,074625000Zamboanguita
076101000,Enrique Villanueva,076101000Enrique Villanueva,076101000Enrique Villanueva
076102000,Larena,076102000Larena,076102000Larena
076103000,Lazi,076103000Lazi,076103000Lazi
076104000,Maria,076104000Maria,076104000Maria
076105000,San Juan,076105000San Juan,076105000San Juan
076106000,Siquijor (Capital),076106000Siquijor (Capital),076106000Siquijor (Capital)
082601000,Arteche,082601000Arteche,082601000Arteche
082602000,Balangiga,082602000Balangiga,082602000Balangiga
082603000,Balangkayan,082603000Balangkayan,082603000Balangkayan
082604000,City of Borongan (Capital),082604000City of Borongan (Capital),082604000City of Borongan (Capital)
082605000,Can-Avid,082605000Can-Avid,082605000Can-Avid
082606000,Dolores,082606000Dolores,082606000Dolores
082607000,General Macarthur,082607000General Macarthur,082607000General Macarthur
082608000,Giporlos,082608000Giporlos,082608000Giporlos
082609000,Guiuan,082609000Guiuan,082609000Guiuan
082610000,Hernani,082610000Hernani,082610000Hernani
082611000,Jipapad,082611000Jipapad,082611000Jipapad
082612000,Lawaan,082612000Lawaan,082612000Lawaan
082613000,Llorente,082613000Llorente,082613000Llorente
082614000,Maslog,082614000Maslog,082614000Maslog
082615000,Maydolong,082615000Maydolong,082615000Maydolong
082616000,Mercedes,082616000Mercedes,082616000Mercedes
082617000,Oras,082617000Oras,082617000Oras
082618000,Quinapondan,082618000Quinapondan,082618000Quinapondan
082619000,Salcedo,082619000Salcedo,082619000Salcedo
082620000,San Julian,082620000San Julian,082620000San Julian
082621000,San Policarpo,082621000San Policarpo,082621000San Policarpo
082622000,Sulat,082622000Sulat,082622000Sulat
082623000,Taft,082623000Taft,082623000Taft
083701000,Abuyog,083701000Abuyog,083701000Abuyog
083702000,Alangalang,083702000Alangalang,083702000Alangalang
083703000,Albuera,083703000Albuera,083703000Albuera
083705000,Babatngon,083705000Babatngon,083705000Babatngon
083706000,Barugo,083706000Barugo,083706000Barugo
083707000,Bato,083707000Bato,083707000Bato
083708000,City of Baybay,083708000City of Baybay,083708000City of Baybay
083710000,Burauen,083710000Burauen,083710000Burauen
083713000,Calubian,083713000Calubian,083713000Calubian
083714000,Capoocan,083714000Capoocan,083714000Capoocan
083715000,Carigara,083715000Carigara,083715000Carigara
083717000,Dagami,083717000Dagami,083717000Dagami
083718000,Dulag,083718000Dulag,083718000Dulag
083719000,Hilongos,083719000Hilongos,083719000Hilongos
083720000,Hindang,083720000Hindang,083720000Hindang
083721000,Inopacan,083721000Inopacan,083721000Inopacan
083722000,Isabel,083722000Isabel,083722000Isabel
083723000,Jaro,083723000Jaro,083723000Jaro
083724000,Javier,083724000Javier,083724000Javier
083725000,Julita,083725000Julita,083725000Julita
083726000,Kananga,083726000Kananga,083726000Kananga
083728000,La Paz,083728000La Paz,083728000La Paz
083729000,Leyte,083729000Leyte,083729000Leyte
083730000,Macarthur,083730000Macarthur,083730000Macarthur
083731000,Mahaplag,083731000Mahaplag,083731000Mahaplag
083733000,Matag-Ob,083733000Matag-Ob,083733000Matag-Ob
083734000,Matalom,083734000Matalom,083734000Matalom
083735000,Mayorga,083735000Mayorga,083735000Mayorga
083736000,Merida,083736000Merida,083736000Merida
083738000,Ormoc City,083738000Ormoc City,083738000Ormoc City
083739000,Palo,083739000Palo,083739000Palo
083740000,Palompon,083740000Palompon,083740000Palompon
083741000,Pastrana,083741000Pastrana,083741000Pastrana
083742000,San Isidro,083742000San Isidro,083742000San Isidro
083743000,San Miguel,083743000San Miguel,083743000San Miguel
083744000,Santa Fe,083744000Santa Fe,083744000Santa Fe
083745000,Tabango,083745000Tabango,083745000Tabango
083746000,Tabontabon,083746000Tabontabon,083746000Tabontabon
083747000,City of Tacloban (Capital),083747000City of Tacloban (Capital),083747000City of Tacloban (Capital)
083748000,Tanauan,083748000Tanauan,083748000Tanauan
083749000,Tolosa,083749000Tolosa,083749000Tolosa
083750000,Tunga,083750000Tunga,083750000Tunga
083751000,Villaba,083751000Villaba,083751000Villaba
084801000,Allen,084801000Allen,084801000Allen
084802000,Biri,084802000Biri,084802000Biri
084803000,Bobon,084803000Bobon,084803000Bobon
084804000,Capul,084804000Capul,084804000Capul
084805000,Catarman (Capital),084805000Catarman (Capital),084805000Catarman (Capital)
084806000,Catubig,084806000Catubig,084806000Catubig
084807000,Gamay,084807000Gamay,084807000Gamay
084808000,Laoang,084808000Laoang,084808000Laoang
084809000,Lapinig,084809000Lapinig,084809000Lapinig
084810000,Las Navas,084810000Las Navas,084810000Las Navas
084811000,Lavezares,084811000Lavezares,084811000Lavezares
084812000,Mapanas,084812000Mapanas,084812000Mapanas
084813000,Mondragon,084813000Mondragon,084813000Mondragon
084814000,Palapag,084814000Palapag,084814000Palapag
084815000,Pambujan,084815000Pambujan,084815000Pambujan
084816000,Rosario,084816000Rosario,084816000Rosario
084817000,San Antonio,084817000San Antonio,084817000San Antonio
084818000,San Isidro,084818000San Isidro,084818000San Isidro
084819000,San Jose,084819000San Jose,084819000San Jose
084820000,San Roque,084820000San Roque,084820000San Roque
084821000,San Vicente,084821000San Vicente,084821000San Vicente
084822000,Silvino Lobos,084822000Silvino Lobos,084822000Silvino Lobos
084823000,Victoria,084823000Victoria,084823000Victoria
084824000,Lope De Vega,084824000Lope De Vega,084824000Lope De Vega
086001000,Almagro,086001000Almagro,086001000Almagro
086002000,Basey,086002000Basey,086002000Basey
086003000,City of Calbayog,086003000City of Calbayog,086003000City of Calbayog
086004000,Calbiga,086004000Calbiga,086004000Calbiga
086005000,City of Catbalogan (Capital),086005000City of Catbalogan (Capital),086005000City of Catbalogan (Capital)
086006000,Daram,086006000Daram,086006000Daram
086007000,Gandara,086007000Gandara,086007000Gandara
086008000,Hinabangan,086008000Hinabangan,086008000Hinabangan
086009000,Jiabong,086009000Jiabong,086009000Jiabong
086010000,Marabut,086010000Marabut,086010000Marabut
086011000,Matuguinao,086011000Matuguinao,086011000Matuguinao
086012000,Motiong,086012000Motiong,086012000Motiong
086013000,Pinabacdao,086013000Pinabacdao,086013000Pinabacdao
086014000,San Jose De Buan,086014000San Jose De Buan,086014000San Jose De Buan
086015000,San Sebastian,086015000San Sebastian,086015000San Sebastian
086016000,Santa Margarita,086016000Santa Margarita,086016000Santa Margarita
086017000,Santa Rita,086017000Santa Rita,086017000Santa Rita
086018000,Santo Niño,086018000Santo Niño,086018000Santo Niño
086019000,Talalora,086019000Talalora,086019000Talalora
086020000,Tarangnan,086020000Tarangnan,086020000Tarangnan
086021000,Villareal,086021000Villareal,086021000Villareal
086022000,Paranas,086022000Paranas,086022000Paranas
086023000,Zumarraga,086023000Zumarraga,086023000Zumarraga
086024000,Tagapul-An,086024000Tagapul-An,086024000Tagapul-An
086025000,San Jorge,086025000San Jorge,086025000San Jorge
086026000,Pagsanghan,086026000Pagsanghan,086026000Pagsanghan
086401000,Anahawan,086401000Anahawan,086401000Anahawan
086402000,Bontoc,086402000Bontoc,086402000Bontoc
086403000,Hinunangan,086403000Hinunangan,086403000Hinunangan
086404000,Hinundayan,086404000Hinundayan,086404000Hinundayan
086405000,Libagon,086405000Libagon,086405000Libagon
086406000,Liloan,086406000Liloan,086406000Liloan
086407000,City of Maasin (Capital),086407000City of Maasin (Capital),086407000City of Maasin (Capital)
086408000,Macrohon,086408000Macrohon,086408000Macrohon
086409000,Malitbog,086409000Malitbog,086409000Malitbog
086410000,Padre Burgos,086410000Padre Burgos,086410000Padre Burgos
086411000,Pintuyan,086411000Pintuyan,086411000Pintuyan
086412000,Saint Bernard,086412000Saint Bernard,086412000Saint Bernard
086413000,San Francisco,086413000San Francisco,086413000San Francisco
086414000,San Juan,086414000San Juan,086414000San Juan
086415000,San Ricardo,086415000San Ricardo,086415000San Ricardo
086416000,Silago,086416000Silago,086416000Silago
086417000,Sogod,086417000Sogod,086417000Sogod
086418000,Tomas Oppus,086418000Tomas Oppus,086418000Tomas Oppus
086419000,Limasawa,086419000Limasawa,086419000Limasawa
087801000,Almeria,087801000Almeria,087801000Almeria
087802000,Biliran,087802000Biliran,087802000Biliran
087803000,Cabucgayan,087803000Cabucgayan,087803000Cabucgayan
087804000,Caibiran,087804000Caibiran,087804000Caibiran
087805000,Culaba,087805000Culaba,087805000Culaba
087806000,Kawayan,087806000Kawayan,087806000Kawayan
087807000,Maripipi,087807000Maripipi,087807000Maripipi
087808000,Naval (Capital),087808000Naval (Capital),087808000Naval (Capital)
097201000,City of Dapitan,097201000City of Dapitan,097201000City of Dapitan
097202000,City of Dipolog (Capital),097202000City of Dipolog (Capital),097202000City of Dipolog (Capital)
097203000,Katipunan,097203000Katipunan,097203000Katipunan
097204000,La Libertad,097204000La Libertad,097204000La Libertad
097205000,Labason,097205000Labason,097205000Labason
097206000,Liloy,097206000Liloy,097206000Liloy
097207000,Manukan,097207000Manukan,097207000Manukan
097208000,Mutia,097208000Mutia,097208000Mutia
097209000,Piñan,097209000Piñan,097209000Piñan
097210000,Polanco,097210000Polanco,097210000Polanco
097211000,Pres. Manuel A. Roxas,097211000Pres. Manuel A. Roxas,097211000Pres. Manuel A. Roxas
097212000,Rizal,097212000Rizal,097212000Rizal
097213000,Salug,097213000Salug,097213000Salug
097214000,Sergio Osmeña Sr.,097214000Sergio Osmeña Sr.,097214000Sergio Osmeña Sr.
097215000,Siayan,097215000Siayan,097215000Siayan
097216000,Sibuco,097216000Sibuco,097216000Sibuco
097217000,Sibutad,097217000Sibutad,097217000Sibutad
097218000,Sindangan,097218000Sindangan,097218000Sindangan
097219000,Siocon,097219000Siocon,097219000Siocon
097220000,Sirawai,097220000Sirawai,097220000Sirawai
097221000,Tampilisan,097221000Tampilisan,097221000Tampilisan
097222000,Jose Dalman,097222000Jose Dalman,097222000Jose Dalman
097223000,Gutalac,097223000Gutalac,097223000Gutalac
097224000,Baliguian,097224000Baliguian,097224000Baliguian
097225000,Godod,097225000Godod,097225000Godod
097226000,Bacungan,097226000Bacungan,097226000Bacungan
097227000,Kalawit,097227000Kalawit,097227000Kalawit
097302000,Aurora,097302000Aurora,097302000Aurora
097303000,Bayog,097303000Bayog,097303000Bayog
097305000,Dimataling,097305000Dimataling,097305000Dimataling
097306000,Dinas,097306000Dinas,097306000Dinas
097307000,Dumalinao,097307000Dumalinao,097307000Dumalinao
097308000,Dumingag,097308000Dumingag,097308000Dumingag
097311000,Kumalarang,097311000Kumalarang,097311000Kumalarang
097312000,Labangan,097312000Labangan,097312000Labangan
097313000,Lapuyan,097313000Lapuyan,097313000Lapuyan
097315000,Mahayag,097315000Mahayag,097315000Mahayag
097317000,Margosatubig,097317000Margosatubig,097317000Margosatubig
097318000,Midsalip,097318000Midsalip,097318000Midsalip
097319000,Molave,097319000Molave,097319000Molave
097322000,City of Pagadian (Capital),097322000City of Pagadian (Capital),097322000City of Pagadian (Capital)
097323000,Ramon Magsaysay,097323000Ramon Magsaysay,097323000Ramon Magsaysay
097324000,San Miguel,097324000San Miguel,097324000San Miguel
097325000,San Pablo,097325000San Pablo,097325000San Pablo
097327000,Tabina,097327000Tabina,097327000Tabina
097328000,Tambulig,097328000Tambulig,097328000Tambulig
097330000,Tukuran,097330000Tukuran,097330000Tukuran
097332000,City of Zamboanga,097332000City of Zamboanga,097332000City of Zamboanga
097333000,Lakewood,097333000Lakewood,097333000Lakewood
097337000,Josefina,097337000Josefina,097337000Josefina
097338000,Pitogo,097338000Pitogo,097338000Pitogo
097340000,Sominot,097340000Sominot,097340000Sominot
097341000,Vincenzo A. Sagun,097341000Vincenzo A. Sagun,097341000Vincenzo A. Sagun
097343000,Guipos,097343000Guipos,097343000Guipos
097344000,Tigbao,097344000Tigbao,097344000Tigbao
098301000,Alicia,098301000Alicia,098301000Alicia
098302000,Buug,098302000Buug,098302000Buug
098303000,Diplahan,098303000Diplahan,098303000Diplahan
098304000,Imelda,098304000Imelda,098304000Imelda
098305000,Ipil (Capital),098305000Ipil (Capital),098305000Ipil (Capital)
098306000,Kabasalan,098306000Kabasalan,098306000Kabasalan
098307000,Mabuhay,098307000Mabuhay,098307000Mabuhay
098308000,Malangas,098308000Malangas,098308000Malangas
098309000,Naga,098309000Naga,098309000Naga
098310000,Olutanga,098310000Olutanga,098310000Olutanga
098311000,Payao,098311000Payao,098311000Payao
098312000,Roseller Lim,098312000Roseller Lim,098312000Roseller Lim
098313000,Siay,098313000Siay,098313000Siay
098314000,Talusan,098314000Talusan,098314000Talusan
098315000,Titay,098315000Titay,098315000Titay
098316000,Tungawan,098316000Tungawan,098316000Tungawan
099701000,City of Isabela,099701000City of Isabela,099701000City of Isabela
101301000,Baungon,101301000Baungon,101301000Baungon
101302000,Damulog,101302000Damulog,101302000Damulog
101303000,Dangcagan,101303000Dangcagan,101303000Dangcagan
101304000,Don Carlos,101304000Don Carlos,101304000Don Carlos
101305000,Impasug-ong,101305000Impasug-ong,101305000Impasug-ong
101306000,Kadingilan,101306000Kadingilan,101306000Kadingilan
101307000,Kalilangan,101307000Kalilangan,101307000Kalilangan
101308000,Kibawe,101308000Kibawe,101308000Kibawe
101309000,Kitaotao,101309000Kitaotao,101309000Kitaotao
101310000,Lantapan,101310000Lantapan,101310000Lantapan
101311000,Libona,101311000Libona,101311000Libona
101312000,City of Malaybalay (Capital),101312000City of Malaybalay (Capital),101312000City of Malaybalay (Capital)
101313000,Malitbog,101313000Malitbog,101313000Malitbog
101314000,Manolo Fortich,101314000Manolo Fortich,101314000Manolo Fortich
101315000,Maramag,101315000Maramag,101315000Maramag
101316000,Pangantucan,101316000Pangantucan,101316000Pangantucan
101317000,Quezon,101317000Quezon,101317000Quezon
101318000,San Fernando,101318000San Fernando,101318000San Fernando
101319000,Sumilao,101319000Sumilao,101319000Sumilao
101320000,Talakag,101320000Talakag,101320000Talakag
101321000,City of Valencia,101321000City of Valencia,101321000City of Valencia
101322000,Cabanglasan,101322000Cabanglasan,101322000Cabanglasan
101801000,Catarman,101801000Catarman,101801000Catarman
101802000,Guinsiliban,101802000Guinsiliban,101802000Guinsiliban
101803000,Mahinog,101803000Mahinog,101803000Mahinog
101804000,Mambajao (Capital),101804000Mambajao (Capital),101804000Mambajao (Capital)
101805000,Sagay,101805000Sagay,101805000Sagay
103501000,Bacolod,103501000Bacolod,103501000Bacolod
103502000,Baloi,103502000Baloi,103502000Baloi
103503000,Baroy,103503000Baroy,103503000Baroy
103504000,City of Iligan,103504000City of Iligan,103504000City of Iligan
103505000,Kapatagan,103505000Kapatagan,103505000Kapatagan
103506000,Sultan Naga Dimaporo,103506000Sultan Naga Dimaporo,103506000Sultan Naga Dimaporo
103507000,Kauswagan,103507000Kauswagan,103507000Kauswagan
103508000,Kolambugan,103508000Kolambugan,103508000Kolambugan
103509000,Lala,103509000Lala,103509000Lala
103510000,Linamon,103510000Linamon,103510000Linamon
103511000,Magsaysay,103511000Magsaysay,103511000Magsaysay
103512000,Maigo,103512000Maigo,103512000Maigo
103513000,Matungao,103513000Matungao,103513000Matungao
103514000,Munai,103514000Munai,103514000Munai
103515000,Nunungan,103515000Nunungan,103515000Nunungan
103516000,Pantao Ragat,103516000Pantao Ragat,103516000Pantao Ragat
103517000,Poona Piagapo,103517000Poona Piagapo,103517000Poona Piagapo
103518000,Salvador,103518000Salvador,103518000Salvador
103519000,Sapad,103519000Sapad,103519000Sapad
103520000,Tagoloan,103520000Tagoloan,103520000Tagoloan
103521000,Tangcal,103521000Tangcal,103521000Tangcal
103522000,Tubod (Capital),103522000Tubod (Capital),103522000Tubod (Capital)
103523000,Pantar,103523000Pantar,103523000Pantar
104201000,Aloran,104201000Aloran,104201000Aloran
104202000,Baliangao,104202000Baliangao,104202000Baliangao
104203000,Bonifacio,104203000Bonifacio,104203000Bonifacio
104204000,Calamba,104204000Calamba,104204000Calamba
104205000,Clarin,104205000Clarin,104205000Clarin
104206000,Concepcion,104206000Concepcion,104206000Concepcion
104207000,Jimenez,104207000Jimenez,104207000Jimenez
104208000,Lopez Jaena,104208000Lopez Jaena,104208000Lopez Jaena
104209000,City of Oroquieta (Capital),104209000City of Oroquieta (Capital),104209000City of Oroquieta (Capital)
104210000,City of Ozamiz,104210000City of Ozamiz,104210000City of Ozamiz
104211000,Panaon,104211000Panaon,104211000Panaon
104212000,Plaridel,104212000Plaridel,104212000Plaridel
104213000,Sapang Dalaga,104213000Sapang Dalaga,104213000Sapang Dalaga
104214000,Sinacaban,104214000Sinacaban,104214000Sinacaban
104215000,City of Tangub,104215000City of Tangub,104215000City of Tangub
104216000,Tudela,104216000Tudela,104216000Tudela
104217000,Don Victoriano Chiongbian,104217000Don Victoriano Chiongbian,104217000Don Victoriano Chiongbian
104301000,Alubijid,104301000Alubijid,104301000Alubijid
104302000,Balingasag,104302000Balingasag,104302000Balingasag
104303000,Balingoan,104303000Balingoan,104303000Balingoan
104304000,Binuangan,104304000Binuangan,104304000Binuangan
104305000,City of Cagayan De Oro (Capital),104305000City of Cagayan De Oro (Capital),104305000City of Cagayan De Oro (Capital)
104306000,Claveria,104306000Claveria,104306000Claveria
104307000,City of El Salvador,104307000City of El Salvador,104307000City of El Salvador
104308000,City of Gingoog,104308000City of Gingoog,104308000City of Gingoog
104309000,Gitagum,104309000Gitagum,104309000Gitagum
104310000,Initao,104310000Initao,104310000Initao
104311000,Jasaan,104311000Jasaan,104311000Jasaan
104312000,Kinoguitan,104312000Kinoguitan,104312000Kinoguitan
104313000,Lagonglong,104313000Lagonglong,104313000Lagonglong
104314000,Laguindingan,104314000Laguindingan,104314000Laguindingan
104315000,Libertad,104315000Libertad,104315000Libertad
104316000,Lugait,104316000Lugait,104316000Lugait
104317000,Magsaysay,104317000Magsaysay,104317000Magsaysay
104318000,Manticao,104318000Manticao,104318000Manticao
104319000,Medina,104319000Medina,104319000Medina
104320000,Naawan,104320000Naawan,104320000Naawan
104321000,Opol,104321000Opol,104321000Opol
104322000,Salay,104322000Salay,104322000Salay
104323000,Sugbongcogon,104323000Sugbongcogon,104323000Sugbongcogon
104324000,Tagoloan,104324000Tagoloan,104324000Tagoloan
104325000,Talisayan,104325000Talisayan,104325000Talisayan
104326000,Villanueva,104326000Villanueva,104326000Villanueva
112301000,Asuncion,112301000Asuncion,112301000Asuncion
112303000,Carmen,112303000Carmen,112303000Carmen
112305000,Kapalong,112305000Kapalong,112305000Kapalong
112314000,New Corella,112314000New Corella,112314000New Corella
112315000,City of Panabo,112315000City of Panabo,112315000City of Panabo
112317000,Island Garden City of Samal,112317000Island Garden City of Samal,112317000Island Garden City of Samal
112318000,Santo Tomas,112318000Santo Tomas,112318000Santo Tomas
112319000,City of Tagum (Capital),112319000City of Tagum (Capital),112319000City of Tagum (Capital)
112322000,Talaingod,112322000Talaingod,112322000Talaingod
112323000,Braulio E. Dujali,112323000Braulio E. Dujali,112323000Braulio E. Dujali
112324000,San Isidro,112324000San Isidro,112324000San Isidro
112401000,Bansalan,112401000Bansalan,112401000Bansalan
112402000,City of Davao,112402000City of Davao,112402000City of Davao
112403000,City of Digos (Capital),112403000City of Digos (Capital),112403000City of Digos (Capital)
112404000,Hagonoy,112404000Hagonoy,112404000Hagonoy
112406000,Kiblawan,112406000Kiblawan,112406000Kiblawan
112407000,Magsaysay,112407000Magsaysay,112407000Magsaysay
112408000,Malalag,112408000Malalag,112408000Malalag
112410000,Matanao,112410000Matanao,112410000Matanao
112411000,Padada,112411000Padada,112411000Padada
112412000,Santa Cruz,112412000Santa Cruz,112412000Santa Cruz
112414000,Sulop,112414000Sulop,112414000Sulop
112501000,Baganga,112501000Baganga,112501000Baganga
112502000,Banaybanay,112502000Banaybanay,112502000Banaybanay
112503000,Boston,112503000Boston,112503000Boston
112504000,Caraga,112504000Caraga,112504000Caraga
112505000,Cateel,112505000Cateel,112505000Cateel
112506000,Governor Generoso,112506000Governor Generoso,112506000Governor Generoso
112507000,Lupon,112507000Lupon,112507000Lupon
112508000,Manay,112508000Manay,112508000Manay
112509000,City of Mati (Capital),112509000City of Mati (Capital),112509000City of Mati (Capital)
112510000,San Isidro,112510000San Isidro,112510000San Isidro
112511000,Tarragona,112511000Tarragona,112511000Tarragona
118201000,Compostela,118201000Compostela,118201000Compostela
118202000,Laak,118202000Laak,118202000Laak
118203000,Mabini,118203000Mabini,118203000Mabini
118204000,Maco,118204000Maco,118204000Maco
118205000,Maragusan,118205000Maragusan,118205000Maragusan
118206000,Mawab,118206000Mawab,118206000Mawab
118207000,Monkayo,118207000Monkayo,118207000Monkayo
118208000,Montevista,118208000Montevista,118208000Montevista
118209000,Nabunturan (Capital),118209000Nabunturan (Capital),118209000Nabunturan (Capital)
118210000,New Bataan,118210000New Bataan,118210000New Bataan
118211000,Pantukan,118211000Pantukan,118211000Pantukan
118601000,Don Marcelino,118601000Don Marcelino,118601000Don Marcelino
118602000,Jose Abad Santos,118602000Jose Abad Santos,118602000Jose Abad Santos
118603000,Malita (Capital),118603000Malita (Capital),118603000Malita (Capital)
118604000,Santa Maria,118604000Santa Maria,118604000Santa Maria
118605000,Sarangani,118605000Sarangani,118605000Sarangani
124701000,Alamada,124701000Alamada,124701000Alamada
124702000,Carmen,124702000Carmen,124702000Carmen
124703000,Kabacan,124703000Kabacan,124703000Kabacan
124704000,City of Kidapawan (Capital),124704000City of Kidapawan (Capital),124704000City of Kidapawan (Capital)
124705000,Libungan,124705000Libungan,124705000Libungan
124706000,Magpet,124706000Magpet,124706000Magpet
124707000,Makilala,124707000Makilala,124707000Makilala
124708000,Matalam,124708000Matalam,124708000Matalam
124709000,Midsayap,124709000Midsayap,124709000Midsayap
124710000,M'Lang,124710000M'Lang,124710000M'Lang
124711000,Pigkawayan,124711000Pigkawayan,124711000Pigkawayan
124712000,Pikit,124712000Pikit,124712000Pikit
124713000,President Roxas,124713000President Roxas,124713000President Roxas
124714000,Tulunan,124714000Tulunan,124714000Tulunan
124715000,Antipas,124715000Antipas,124715000Antipas
124716000,Banisilan,124716000Banisilan,124716000Banisilan
124717000,Aleosan,124717000Aleosan,124717000Aleosan
124718000,Arakan,124718000Arakan,124718000Arakan
126302000,Banga,126302000Banga,126302000Banga
126303000,City of General Santos,126303000City of General Santos,126303000City of General Santos
126306000,City of Koronadal (Capital),126306000City of Koronadal (Capital),126306000City of Koronadal (Capital)
126311000,Norala,126311000Norala,126311000Norala
126312000,Polomolok,126312000Polomolok,126312000Polomolok
126313000,Surallah,126313000Surallah,126313000Surallah
126314000,Tampakan,126314000Tampakan,126314000Tampakan
126315000,Tantangan,126315000Tantangan,126315000Tantangan
126316000,T'Boli,126316000T'Boli,126316000T'Boli
126317000,Tupi,126317000Tupi,126317000Tupi
126318000,Santo Niño,126318000Santo Niño,126318000Santo Niño
126319000,Lake Sebu,126319000Lake Sebu,126319000Lake Sebu
126501000,Bagumbayan,126501000Bagumbayan,126501000Bagumbayan
126502000,Columbio,126502000Columbio,126502000Columbio
126503000,Esperanza,126503000Esperanza,126503000Esperanza
126504000,Isulan (Capital),126504000Isulan (Capital),126504000Isulan (Capital)
126505000,Kalamansig,126505000Kalamansig,126505000Kalamansig
126506000,Lebak,126506000Lebak,126506000Lebak
126507000,Lutayan,126507000Lutayan,126507000Lutayan
126508000,Lambayong,126508000Lambayong,126508000Lambayong
126509000,Palimbang,126509000Palimbang,126509000Palimbang
126510000,President Quirino,126510000President Quirino,126510000President Quirino
126511000,City of Tacurong,126511000City of Tacurong,126511000City of Tacurong
126512000,Sen. Ninoy Aquino,126512000Sen. Ninoy Aquino,126512000Sen. Ninoy Aquino
128001000,Alabel (Capital),128001000Alabel (Capital),128001000Alabel (Capital)
128002000,Glan,128002000Glan,128002000Glan
128003000,Kiamba,128003000Kiamba,128003000Kiamba
128004000,Maasim,128004000Maasim,128004000Maasim
128005000,Maitum,128005000Maitum,128005000Maitum
128006000,Malapatan,128006000Malapatan,128006000Malapatan
128007000,Malungon,128007000Malungon,128007000Malungon
129804000,City of Cotabato,129804000City of Cotabato,129804000City of Cotabato
133900000,City of Manila,133900000City of Manila,133900000City of Manila
133901000,Tondo I/II,133901000Tondo I/II,133901000Tondo I/II
133902000,Binondo,133902000Binondo,133902000Binondo
133903000,Quiapo,133903000Quiapo,133903000Quiapo
133904000,San Nicolas,133904000San Nicolas,133904000San Nicolas
133905000,Santa Cruz,133905000Santa Cruz,133905000Santa Cruz
133906000,Sampaloc,133906000Sampaloc,133906000Sampaloc
133907000,San Miguel,133907000San Miguel,133907000San Miguel
133908000,Ermita,133908000Ermita,133908000Ermita
133909000,Intramuros,133909000Intramuros,133909000Intramuros
133910000,Malate,133910000Malate,133910000Malate
133911000,Paco,133911000Paco,133911000Paco
133912000,Pandacan,133912000Pandacan,133912000Pandacan
133913000,Port Area,133913000Port Area,133913000Port Area
133914000,Santa Ana,133914000Santa Ana,133914000Santa Ana
137401000,City of Mandaluyong,137401000City of Mandaluyong,137401000City of Mandaluyong
137402000,City of Marikina,137402000City of Marikina,137402000City of Marikina
137403000,City of Pasig,137403000City of Pasig,137403000City of Pasig
137404000,Quezon City,137404000Quezon City,137404000Quezon City
137405000,City of San Juan,137405000City of San Juan,137405000City of San Juan
137501000,City of Caloocan,137501000City of Caloocan,137501000City of Caloocan
137502000,City of Malabon,137502000City of Malabon,137502000City of Malabon
137503000,City of Navotas,137503000City of Navotas,137503000City of Navotas
137504000,City of Valenzuela,137504000City of Valenzuela,137504000City of Valenzuela
137601000,City of Las Piñas,137601000City of Las Piñas,137601000City of Las Piñas
137602000,City of Makati,137602000City of Makati,137602000City of Makati
137603000,City of Muntinlupa,137603000City of Muntinlupa,137603000City of Muntinlupa
137604000,City of Parañaque,137604000City of Parañaque,137604000City of Parañaque
137605000,Pasay City,137605000Pasay City,137605000Pasay City
137606000,Pateros,137606000Pateros,137606000Pateros
137607000,City of Taguig,137607000City of Taguig,137607000City of Taguig
140101000,Bangued (Capital),140101000Bangued (Capital),140101000Bangued (Capital)
140102000,Boliney,140102000Boliney,140102000Boliney
140103000,Bucay,140103000Bucay,140103000Bucay
140104000,Bucloc,140104000Bucloc,140104000Bucloc
140105000,Daguioman,140105000Daguioman,140105000Daguioman
140106000,Danglas,140106000Danglas,140106000Danglas
140107000,Dolores,140107000Dolores,140107000Dolores
140108000,La Paz,140108000La Paz,140108000La Paz
140109000,Lacub,140109000Lacub,140109000Lacub
140110000,Lagangilang,140110000Lagangilang,140110000Lagangilang
140111000,Lagayan,140111000Lagayan,140111000Lagayan
140112000,Langiden,140112000Langiden,140112000Langiden
140113000,Licuan-Baay,140113000Licuan-Baay,140113000Licuan-Baay
140114000,Luba,140114000Luba,140114000Luba
140115000,Malibcong,140115000Malibcong,140115000Malibcong
140116000,Manabo,140116000Manabo,140116000Manabo
140117000,Peñarrubia,140117000Peñarrubia,140117000Peñarrubia
140118000,Pidigan,140118000Pidigan,140118000Pidigan
140119000,Pilar,140119000Pilar,140119000Pilar
140120000,Sallapadan,140120000Sallapadan,140120000Sallapadan
140121000,San Isidro,140121000San Isidro,140121000San Isidro
140122000,San Juan,140122000San Juan,140122000San Juan
140123000,San Quintin,140123000San Quintin,140123000San Quintin
140124000,Tayum,140124000Tayum,140124000Tayum
140125000,Tineg,140125000Tineg,140125000Tineg
140126000,Tubo,140126000Tubo,140126000Tubo
140127000,Villaviciosa,140127000Villaviciosa,140127000Villaviciosa
141101000,Atok,141101000Atok,141101000Atok
141102000,City of Baguio,141102000City of Baguio,141102000City of Baguio
141103000,Bakun,141103000Bakun,141103000Bakun
141104000,Bokod,141104000Bokod,141104000Bokod
141105000,Buguias,141105000Buguias,141105000Buguias
141106000,Itogon,141106000Itogon,141106000Itogon
141107000,Kabayan,141107000Kabayan,141107000Kabayan
141108000,Kapangan,141108000Kapangan,141108000Kapangan
141109000,Kibungan,141109000Kibungan,141109000Kibungan
141110000,La Trinidad (Capital),141110000La Trinidad (Capital),141110000La Trinidad (Capital)
141111000,Mankayan,141111000Mankayan,141111000Mankayan
141112000,Sablan,141112000Sablan,141112000Sablan
141113000,Tuba,141113000Tuba,141113000Tuba
141114000,Tublay,141114000Tublay,141114000Tublay
142701000,Banaue,142701000Banaue,142701000Banaue
142702000,Hungduan,142702000Hungduan,142702000Hungduan
142703000,Kiangan,142703000Kiangan,142703000Kiangan
142704000,Lagawe (Capital),142704000Lagawe (Capital),142704000Lagawe (Capital)
142705000,Lamut,142705000Lamut,142705000Lamut
142706000,Mayoyao,142706000Mayoyao,142706000Mayoyao
142707000,Alfonso Lista,142707000Alfonso Lista,142707000Alfonso Lista
142708000,Aguinaldo,142708000Aguinaldo,142708000Aguinaldo
142709000,Hingyon,142709000Hingyon,142709000Hingyon
142710000,Tinoc,142710000Tinoc,142710000Tinoc
142711000,Asipulo,142711000Asipulo,142711000Asipulo
143201000,Balbalan,143201000Balbalan,143201000Balbalan
143206000,Lubuagan,143206000Lubuagan,143206000Lubuagan
143208000,Pasil,143208000Pasil,143208000Pasil
143209000,Pinukpuk,143209000Pinukpuk,143209000Pinukpuk
143211000,Rizal,143211000Rizal,143211000Rizal
143213000,City of Tabuk (Capital),143213000City of Tabuk (Capital),143213000City of Tabuk (Capital)
143214000,Tanudan,143214000Tanudan,143214000Tanudan
143215000,Tinglayan,143215000Tinglayan,143215000Tinglayan
144401000,Barlig,144401000Barlig,144401000Barlig
144402000,Bauko,144402000Bauko,144402000Bauko
144403000,Besao,144403000Besao,144403000Besao
144404000,Bontoc (Capital),144404000Bontoc (Capital),144404000Bontoc (Capital)
144405000,Natonin,144405000Natonin,144405000Natonin
144406000,Paracelis,144406000Paracelis,144406000Paracelis
144407000,Sabangan,144407000Sabangan,144407000Sabangan
144408000,Sadanga,144408000Sadanga,144408000Sadanga
144409000,Sagada,144409000Sagada,144409000Sagada
144410000,Tadian,144410000Tadian,144410000Tadian
148101000,Calanasan,148101000Calanasan,148101000Calanasan
148102000,Conner,148102000Conner,148102000Conner
148103000,Flora,148103000Flora,148103000Flora
148104000,Kabugao (Capital),148104000Kabugao (Capital),148104000Kabugao (Capital)
148105000,Luna,148105000Luna,148105000Luna
148106000,Pudtol,148106000Pudtol,148106000Pudtol
148107000,Santa Marcela,148107000Santa Marcela,148107000Santa Marcela
150702000,City of Lamitan (Capital),150702000City of Lamitan (Capital),150702000City of Lamitan (Capital)
150703000,Lantawan,150703000Lantawan,150703000Lantawan
150704000,Maluso,150704000Maluso,150704000Maluso
150705000,Sumisip,150705000Sumisip,150705000Sumisip
150706000,Tipo-Tipo,150706000Tipo-Tipo,150706000Tipo-Tipo
150707000,Tuburan,150707000Tuburan,150707000Tuburan
150708000,Akbar,150708000Akbar,150708000Akbar
150709000,Al-Barka,150709000Al-Barka,150709000Al-Barka
150710000,Hadji Mohammad Ajul,150710000Hadji Mohammad Ajul,150710000Hadji Mohammad Ajul
150711000,Ungkaya Pukan,150711000Ungkaya Pukan,150711000Ungkaya Pukan
150712000,Hadji Muhtamad,150712000Hadji Muhtamad,150712000Hadji Muhtamad
150713000,Tabuan-Lasa,150713000Tabuan-Lasa,150713000Tabuan-Lasa
153601000,Bacolod-Kalawi,153601000Bacolod-Kalawi,153601000Bacolod-Kalawi
153602000,Balabagan,153602000Balabagan,153602000Balabagan
153603000,Balindong,153603000Balindong,153603000Balindong
153604000,Bayang,153604000Bayang,153604000Bayang
153605000,Binidayan,153605000Binidayan,153605000Binidayan
153606000,Bubong,153606000Bubong,153606000Bubong
153607000,Butig,153607000Butig,153607000Butig
153609000,Ganassi,153609000Ganassi,153609000Ganassi
153610000,Kapai,153610000Kapai,153610000Kapai
153611000,Lumba-Bayabao,153611000Lumba-Bayabao,153611000Lumba-Bayabao
153612000,Lumbatan,153612000Lumbatan,153612000Lumbatan
153613000,Madalum,153613000Madalum,153613000Madalum
153614000,Madamba,153614000Madamba,153614000Madamba
153615000,Malabang,153615000Malabang,153615000Malabang
153616000,Marantao,153616000Marantao,153616000Marantao
153617000,City of Marawi (Capital),153617000City of Marawi (Capital),153617000City of Marawi (Capital)
153618000,Masiu,153618000Masiu,153618000Masiu
153619000,Mulondo,153619000Mulondo,153619000Mulondo
153620000,Pagayawan,153620000Pagayawan,153620000Pagayawan
153621000,Piagapo,153621000Piagapo,153621000Piagapo
153622000,Poona Bayabao,153622000Poona Bayabao,153622000Poona Bayabao
153623000,Pualas,153623000Pualas,153623000Pualas
153624000,Ditsaan-Ramain,153624000Ditsaan-Ramain,153624000Ditsaan-Ramain
153625000,Saguiaran,153625000Saguiaran,153625000Saguiaran
153626000,Tamparan,153626000Tamparan,153626000Tamparan
153627000,Taraka,153627000Taraka,153627000Taraka
153628000,Tubaran,153628000Tubaran,153628000Tubaran
153629000,Tugaya,153629000Tugaya,153629000Tugaya
153630000,Wao,153630000Wao,153630000Wao
153631000,Marogong,153631000Marogong,153631000Marogong
153632000,Calanogas,153632000Calanogas,153632000Calanogas
153633000,Buadiposo-Buntong,153633000Buadiposo-Buntong,153633000Buadiposo-Buntong
153634000,Maguing,153634000Maguing,153634000Maguing
153635000,Picong,153635000Picong,153635000Picong
153636000,Lumbayanague,153636000Lumbayanague,153636000Lumbayanague
153637000,Amai Manabilang,153637000Amai Manabilang,153637000Amai Manabilang
153638000,Tagoloan Ii,153638000Tagoloan Ii,153638000Tagoloan Ii
153639000,Kapatagan,153639000Kapatagan,153639000Kapatagan
153640000,Sultan Dumalondong,153640000Sultan Dumalondong,153640000Sultan Dumalondong
153641000,Lumbaca-Unayan,153641000Lumbaca-Unayan,153641000Lumbaca-Unayan
153801000,Ampatuan,153801000Ampatuan,153801000Ampatuan
153802000,Buldon,153802000Buldon,153802000Buldon
153803000,Buluan,153803000Buluan,153803000Buluan
153805000,Datu Paglas,153805000Datu Paglas,153805000Datu Paglas
153806000,Datu Piang,153806000Datu Piang,153806000Datu Piang
153807000,Datu Odin Sinsuat,153807000Datu Odin Sinsuat,153807000Datu Odin Sinsuat
153808000,Shariff Aguak (Capital),153808000Shariff Aguak (Capital),153808000Shariff Aguak (Capital)
153809000,Matanog,153809000Matanog,153809000Matanog
153810000,Pagalungan,153810000Pagalungan,153810000Pagalungan
153811000,Parang,153811000Parang,153811000Parang
153812000,Sultan Kudarat,153812000Sultan Kudarat,153812000Sultan Kudarat
153813000,Sultan Sa Barongis,153813000Sultan Sa Barongis,153813000Sultan Sa Barongis
153814000,Kabuntalan,153814000Kabuntalan,153814000Kabuntalan
153815000,Upi,153815000Upi,153815000Upi
153816000,Talayan,153816000Talayan,153816000Talayan
153817000,South Upi,153817000South Upi,153817000South Upi
153818000,Barira,153818000Barira,153818000Barira
153819000,Gen. S.K. Pendatun,153819000Gen. S.K. Pendatun,153819000Gen. S.K. Pendatun
153820000,Mamasapano,153820000Mamasapano,153820000Mamasapano
153821000,Talitay,153821000Talitay,153821000Talitay
153822000,Pagagawan,153822000Pagagawan,153822000Pagagawan
153823000,Paglat,153823000Paglat,153823000Paglat
153824000,Sultan Mastura,153824000Sultan Mastura,153824000Sultan Mastura
153825000,Guindulungan,153825000Guindulungan,153825000Guindulungan
153826000,Datu Saudi-Ampatuan,153826000Datu Saudi-Ampatuan,153826000Datu Saudi-Ampatuan
153827000,Datu Unsay,153827000Datu Unsay,153827000Datu Unsay
153828000,Datu Abdullah Sangki,153828000Datu Abdullah Sangki,153828000Datu Abdullah Sangki
153829000,Rajah Buayan,153829000Rajah Buayan,153829000Rajah Buayan
153830000,Datu Blah T. Sinsuat,153830000Datu Blah T. Sinsuat,153830000Datu Blah T. Sinsuat
153831000,Datu Anggal Midtimbang,153831000Datu Anggal Midtimbang,153831000Datu Anggal Midtimbang
153832000,Mangudadatu,153832000Mangudadatu,153832000Mangudadatu
153833000,Pandag,153833000Pandag,153833000Pandag
153834000,Northern Kabuntalan,153834000Northern Kabuntalan,153834000Northern Kabuntalan
153835000,Datu Hoffer Ampatuan,153835000Datu Hoffer Ampatuan,153835000Datu Hoffer Ampatuan
153836000,Datu Salibo,153836000Datu Salibo,153836000Datu Salibo
153837000,Shariff Saydona Mustapha,153837000Shariff Saydona Mustapha,153837000Shariff Saydona Mustapha
156601000,Indanan,156601000Indanan,156601000Indanan
156602000,Jolo (Capital),156602000Jolo (Capital),156602000Jolo (Capital)
156603000,Kalingalan Caluang,156603000Kalingalan Caluang,156603000Kalingalan Caluang
156604000,Luuk,156604000Luuk,156604000Luuk
156605000,Maimbung,156605000Maimbung,156605000Maimbung
156606000,Hadji Panglima Tahil,156606000Hadji Panglima Tahil,156606000Hadji Panglima Tahil
156607000,Old Panamao,156607000Old Panamao,156607000Old Panamao
156608000,Pangutaran,156608000Pangutaran,156608000Pangutaran
156609000,Parang,156609000Parang,156609000Parang
156610000,Pata,156610000Pata,156610000Pata
156611000,Patikul,156611000Patikul,156611000Patikul
156612000,Siasi,156612000Siasi,156612000Siasi
156613000,Talipao,156613000Talipao,156613000Talipao
156614000,Tapul,156614000Tapul,156614000Tapul
156615000,Tongkil,156615000Tongkil,156615000Tongkil
156616000,Panglima Estino,156616000Panglima Estino,156616000Panglima Estino
156617000,Lugus,156617000Lugus,156617000Lugus
156618000,Pandami,156618000Pandami,156618000Pandami
156619000,Omar,156619000Omar,156619000Omar
157001000,Panglima Sugala,157001000Panglima Sugala,157001000Panglima Sugala
157002000,Bongao (Capital),157002000Bongao (Capital),157002000Bongao (Capital)
157003000,Mapun,157003000Mapun,157003000Mapun
157004000,Simunul,157004000Simunul,157004000Simunul
157005000,Sitangkai,157005000Sitangkai,157005000Sitangkai
157006000,South Ubian,157006000South Ubian,157006000South Ubian
157007000,Tandubas,157007000Tandubas,157007000Tandubas
157008000,Turtle Islands,157008000Turtle Islands,157008000Turtle Islands
157009000,Languyan,157009000Languyan,157009000Languyan
157010000,Sapa-Sapa,157010000Sapa-Sapa,157010000Sapa-Sapa
157011000,Sibutu,157011000Sibutu,157011000Sibutu
160201000,Buenavista,160201000Buenavista,160201000Buenavista
160202000,City of Butuan (Capital),160202000City of Butuan (Capital),160202000City of Butuan (Capital)
160203000,City of Cabadbaran,160203000City of Cabadbaran,160203000City of Cabadbaran
160204000,Carmen,160204000Carmen,160204000Carmen
160205000,Jabonga,160205000Jabonga,160205000Jabonga
160206000,Kitcharao,160206000Kitcharao,160206000Kitcharao
160207000,Las Nieves,160207000Las Nieves,160207000Las Nieves
160208000,Magallanes,160208000Magallanes,160208000Magallanes
160209000,Nasipit,160209000Nasipit,160209000Nasipit
160210000,Santiago,160210000Santiago,160210000Santiago
160211000,Tubay,160211000Tubay,160211000Tubay
160212000,Remedios T. Romualdez,160212000Remedios T. Romualdez,160212000Remedios T. Romualdez
160301000,City of Bayugan,160301000City of Bayugan,160301000City of Bayugan
160302000,Bunawan,160302000Bunawan,160302000Bunawan
160303000,Esperanza,160303000Esperanza,160303000Esperanza
160304000,La Paz,160304000La Paz,160304000La Paz
160305000,Loreto,160305000Loreto,160305000Loreto
160306000,Prosperidad (Capital),160306000Prosperidad (Capital),160306000Prosperidad (Capital)
160307000,Rosario,160307000Rosario,160307000Rosario
160308000,San Francisco,160308000San Francisco,160308000San Francisco
160309000,San Luis,160309000San Luis,160309000San Luis
160310000,Santa Josefa,160310000Santa Josefa,160310000Santa Josefa
160311000,Talacogon,160311000Talacogon,160311000Talacogon
160312000,Trento,160312000Trento,160312000Trento
160313000,Veruela,160313000Veruela,160313000Veruela
160314000,Sibagat,160314000Sibagat,160314000Sibagat
166701000,Alegria,166701000Alegria,166701000Alegria
166702000,Bacuag,166702000Bacuag,166702000Bacuag
166704000,Burgos,166704000Burgos,166704000Burgos
166706000,Claver,166706000Claver,166706000Claver
166707000,Dapa,166707000Dapa,166707000Dapa
166708000,Del Carmen,166708000Del Carmen,166708000Del Carmen
166710000,General Luna,166710000General Luna,166710000General Luna
166711000,Gigaquit,166711000Gigaquit,166711000Gigaquit
166714000,Mainit,166714000Mainit,166714000Mainit
166715000,Malimono,166715000Malimono,166715000Malimono
166716000,Pilar,166716000Pilar,166716000Pilar
166717000,Placer,166717000Placer,166717000Placer
166718000,San Benito,166718000San Benito,166718000San Benito
166719000,San Francisco,166719000San Francisco,166719000San Francisco
166720000,San Isidro,166720000San Isidro,166720000San Isidro
166721000,Santa Monica,166721000Santa Monica,166721000Santa Monica
166722000,Sison,166722000Sison,166722000Sison
166723000,Socorro,166723000Socorro,166723000Socorro
166724000,City of Surigao (Capital),166724000City of Surigao (Capital),166724000City of Surigao (Capital)
166725000,Tagana-An,166725000Tagana-An,166725000Tagana-An
166727000,Tubod,166727000Tubod,166727000Tubod
166801000,Barobo,166801000Barobo,166801000Barobo
166802000,Bayabas,166802000Bayabas,166802000Bayabas
166803000,City of Bislig,166803000City of Bislig,166803000City of Bislig
166804000,Cagwait,166804000Cagwait,166804000Cagwait
166805000,Cantilan,166805000Cantilan,166805000Cantilan
166806000,Carmen,166806000Carmen,166806000Carmen
166807000,Carrascal,166807000Carrascal,166807000Carrascal
166808000,Cortes,166808000Cortes,166808000Cortes
166809000,Hinatuan,166809000Hinatuan,166809000Hinatuan
166810000,Lanuza,166810000Lanuza,166810000Lanuza
166811000,Lianga,166811000Lianga,166811000Lianga
166812000,Lingig,166812000Lingig,166812000Lingig
166813000,Madrid,166813000Madrid,166813000Madrid
166814000,Marihatag,166814000Marihatag,166814000Marihatag
166815000,San Agustin,166815000San Agustin,166815000San Agustin
166816000,San Miguel,166816000San Miguel,166816000San Miguel
166817000,Tagbina,166817000Tagbina,166817000Tagbina
166818000,Tago,166818000Tago,166818000Tago
166819000,City of Tandag (Capital),166819000City of Tandag (Capital),166819000City of Tandag (Capital)
168501000,Basilisa,168501000Basilisa,168501000Basilisa
168502000,Cagdianao,168502000Cagdianao,168502000Cagdianao
168503000,Dinagat,168503000Dinagat,168503000Dinagat
168504000,Libjo,168504000Libjo,168504000Libjo
168505000,Loreto,168505000Loreto,168505000Loreto
168506000,San Jose (Capital),168506000San Jose (Capital),168506000San Jose (Capital)
168507000,Tubajon,168507000Tubajon,168507000Tubajon
